osm_id,name,category,subcategory,lat,lon,admin_division
n278555542,Supermac's,fast_food,amenity=fast_food,53.198667,-8.5684184,
n568036454,Domino's,fast_food,amenity=fast_food,53.2732424,-8.9290597,Oranmore
n861311201,Martino's Takeaway,fast_food,amenity=fast_food,53.6179662,-8.7435869,
n918897050,Supermac's,fast_food,amenity=fast_food,53.2759995,-9.0633158,Galway
n943642909,Supermac's,fast_food,amenity=fast_food,53.0661098,-8.8183027,
n1127138177,Mother Hubbards,fast_food,amenity=fast_food,53.2084579,-8.8684844,
n1156287196,Shake Dog,fast_food,amenity=fast_food,53.2819393,-9.0317678,Galway
n1164405213,Oriental Takeaway,fast_food,amenity=fast_food,53.2084825,-8.8687002,
n1171408162,Zambrero,fast_food,amenity=fast_food,53.2797235,-9.0488373,Galway
n1211156946,Supermac's,fast_food,amenity=fast_food,53.3307483,-8.2200029,
n1214317794,Good Taste,fast_food,amenity=fast_food,53.3300143,-8.2218786,Ballinasloe
n1257141959,Spring Garden,fast_food,amenity=fast_food,53.1996536,-8.574151,
n1469221582,Woozza,fast_food,amenity=fast_food,53.2697124,-9.0608483,
n1469801988,Lil' Bros Pizza,fast_food,amenity=fast_food,53.2743664,-9.0503113,Galway
n1556829514,Mc Donagh's,fast_food,amenity=fast_food,53.2709311,-9.0543578,Galway
n1589666865,Pizza Napoli,fast_food,amenity=fast_food,53.2714504,-9.054085,Galway
n1645056784,Subway,fast_food,amenity=fast_food,53.1992483,-8.5658713,
n1727006536,Eddie's Take Away and Diner,fast_food,amenity=fast_food,53.2743747,-8.9992254,
n1730937288,Apache Pizza,fast_food,amenity=fast_food,53.285796,-9.0117896,Galway
n1732295186,Supermac's,fast_food,amenity=fast_food,53.2760507,-9.0036586,
n1734456116,Supermac's,fast_food,amenity=fast_food,53.291892,-9.0193578,
n1743423046,Supermac's,fast_food,amenity=fast_food,53.2747052,-9.0508365,
n1743429523,Capital Turkish Kebabs,fast_food,amenity=fast_food,53.274757,-9.0525511,Galway
n1747227196,Subway,fast_food,amenity=fast_food,53.2844087,-9.0353708,Galway
n1748698925,Blackrock Cottage Pantry,fast_food,shop=deli,53.2581533,-9.1019529,Galway
n1760050065,Salt n' Pepper,fast_food,amenity=fast_food,53.2597387,-9.0764405,Galway
n1760050066,Supermac's,fast_food,amenity=fast_food,53.2602336,-9.0759669,Galway
n1762595032,Monroe's Pizza,fast_food,amenity=fast_food,53.2700231,-9.0578076,Galway
n1813912976,May Flower,fast_food,amenity=fast_food,53.6180523,-8.7422309,
n1861529072,McDonald's,fast_food,amenity=fast_food,53.2729063,-9.0525604,Galway
n1867003792,Apache Pizza,fast_food,amenity=fast_food,53.2702989,-9.0574004,Galway
n1867214436,Giovanni's,fast_food,amenity=fast_food,53.2701795,-9.0585785,Galway
n1880091974,Uncle Bill's Takeaway,fast_food,amenity=fast_food,53.4354338,-8.4374567,
n1887579060,Saman’s kebabs,fast_food,amenity=fast_food,53.6148329,-8.8993274,
n1889253886,Bia Anois,fast_food,amenity=fast_food,53.2623145,-9.6027496,
n1986137191,Jack Jordans,fast_food,amenity=fast_food,53.285816,-8.9835649,
n2051499539,Supermac's,fast_food,amenity=fast_food,53.3314402,-8.2274404,
n2102030226,European Food Store,fast_food,shop=deli,53.285065,-9.0446955,
n2102030258,Apache Pizza,fast_food,amenity=fast_food,53.2853197,-9.045488,
n2102030262,Terryland Asian Food Market,fast_food,shop=deli,53.2849228,-9.0444409,
n2102030267,Yummy Wok,fast_food,amenity=fast_food,53.2777877,-9.0510045,Galway
n2102298911,Galway Asian Foods,fast_food,shop=deli,53.282335,-9.0418948,
n2103642007,KFC,fast_food,amenity=fast_food,53.2912607,-8.9863761,
n2107075591,Upick Store,fast_food,shop=deli,53.2751946,-9.0756825,
n3204651761,Boojum,fast_food,amenity=fast_food,53.2702733,-9.0537054,Galway
n3455276236,Supermac's,fast_food,amenity=fast_food,53.4886005,-10.0147096,
n3516044066,Krispy Kreme,fast_food,amenity=fast_food,53.2737288,-9.0512153,Galway
n4142773792,Supermac's,fast_food,amenity=fast_food,53.5144249,-8.8511313,Tuam
n4148057440,Apache Pizza,fast_food,amenity=fast_food,53.5141304,-8.8519473,Tuam
n4152402389,Dungeons & Donuts,fast_food,amenity=fast_food,53.2738001,-9.0531972,Galway
n4356500432,Pizza Max,fast_food,amenity=fast_food,53.5538237,-9.9482321,Letterfrack
n4360653572,Xi'an Street Food,fast_food,amenity=fast_food,53.2712102,-9.053913,Galway
n4881563140,The Village Grill,fast_food,amenity=fast_food,53.5956623,-9.6945807,
n5097986215,Zambrero,fast_food,amenity=fast_food,53.2754364,-9.0631945,Galway
n5098794449,Roma,fast_food,amenity=fast_food,53.4702979,-8.5011207,
n5813468154,Chipper na Céibhe,fast_food,amenity=fast_food,53.067609,-9.5238218,
n6479165507,Luca's,fast_food,amenity=fast_food,53.298908,-8.745952,
n6617236786,The Burgerstory,fast_food,amenity=fast_food,53.2706609,-9.0543228,Galway
n6762717371,Supermac's,fast_food,amenity=fast_food,53.2645374,-8.6069433,Kiltullagh
n6762717372,Papa John's,fast_food,amenity=fast_food,53.2644896,-8.6069168,Kiltullagh
n6762717375,SuperSubs,fast_food,amenity=fast_food,53.2644375,-8.6068879,Kiltullagh
n6831927469,Spice of Life,fast_food,amenity=cafe,53.5140237,-8.8514465,
n6918295472,Apache Pizza,fast_food,amenity=fast_food,53.4283707,-9.3202176,
n7029703672,Handsome Burger,fast_food,amenity=fast_food,53.2709651,-9.0571438,Galway
n7042985259,Domino's,fast_food,amenity=fast_food,53.2752768,-9.0748268,Galway
n7731920867,Apache Pizza,fast_food,amenity=fast_food,53.0698277,-8.8205544,
n7731926152,Tuk away,fast_food,amenity=fast_food,53.0698797,-8.820593,
n8005943281,Smash Bird,fast_food,amenity=fast_food,53.2712718,-9.0533692,Galway
n8916999850,The Captain's Cabin,fast_food,amenity=fast_food,53.2751796,-9.0748509,Galway
n8960683589,PizzaList,fast_food,amenity=fast_food,53.273054,-9.0994051,Galway
n9003583574,La Dalce Vita,fast_food,amenity=fast_food,53.2511604,-9.1534485,
n9010280285,Subway,fast_food,amenity=fast_food,53.2731786,-9.0499816,
n9054449374,pizza time,fast_food,amenity=fast_food,53.2700313,-9.0579844,Galway
n9071523140,Burger King,fast_food,amenity=fast_food,53.2870637,-9.030896,Galway
n9264219513,Sammy's,fast_food,amenity=fast_food,53.1654801,-8.2906928,Killimor
n9364039449,BóTOWN,fast_food,amenity=fast_food,53.2711939,-9.0570017,Galway
n9393278907,Pizza Max,fast_food,amenity=fast_food,53.2608079,-9.0748399,Galway
n9393278908,Subway,fast_food,amenity=fast_food,53.2606501,-9.0749861,Galway
n9408672694,Apache Pizza,fast_food,amenity=fast_food,53.2762734,-9.0630627,Galway
n9487961161,Four Star Pizza,fast_food,amenity=fast_food,53.274803,-9.0466056,Galway
n9561475347,Supermac's,fast_food,amenity=fast_food,53.4678807,-9.1058475,
n9576143051,Supermac's,fast_food,amenity=fast_food,53.5081609,-8.8713502,
n9576143052,Papa John's,fast_food,amenity=fast_food,53.5081306,-8.8714038,
n9576143053,SuperSubs,fast_food,amenity=fast_food,53.508086,-8.8714521,
n9855905488,Domino's,fast_food,amenity=fast_food,53.2755241,-9.0484068,Galway
n9859161446,Apache Pizza,fast_food,amenity=fast_food,53.2442049,-9.3070981,
n9859161449,Supermac's,fast_food,amenity=fast_food,53.2439969,-9.3067216,
n9885245211,Apache Pizza,fast_food,amenity=fast_food,53.2683091,-8.9296933,Oranmore
n9922900943,Supermac's,fast_food,amenity=fast_food,53.2718479,-9.0545276,
n9922900962,Nut Hot,fast_food,amenity=fast_food,53.2718352,-9.0546461,Galway
n9928054886,Munch Haven,fast_food,amenity=fast_food,53.273917,-9.0534218,Galway
n9995425416,Apache Pizza,fast_food,amenity=fast_food,53.2993464,-8.7485101,Athenry
n9995589999,Creagh Pizza House,fast_food,amenity=fast_food,53.3286526,-8.2028804,
n9995596117,Apache Pizza,fast_food,amenity=fast_food,53.3296046,-8.2223448,Ballinasloe
n9995596118,Nico's,fast_food,amenity=fast_food,53.3299184,-8.222406,Ballinasloe
n9995596130,Supermac's,fast_food,amenity=fast_food,53.3303775,-8.22289,
n10037867447,The Gourmet Offensive,fast_food,shop=deli,53.2734937,-9.0624384,Galway
n10114387915,Birdhouse,fast_food,amenity=fast_food,53.2708159,-9.0576418,Galway
n10114485367,Eyrecourt Chip Shop,fast_food,amenity=fast_food,53.1990111,-8.135447,
n10157019409,Meltd,fast_food,amenity=fast_food,53.2724402,-9.0518753,Galway
n10299267719,Subway,fast_food,amenity=fast_food,53.2762775,-9.0631388,Galway
n10299267720,Abrakebabra,fast_food,amenity=fast_food,53.2754972,-9.0632049,Galway
n10743309286,Prátaí,fast_food,amenity=fast_food,53.2725146,-9.0533052,Galway
n10857650590,Jump Juice,fast_food,amenity=fast_food,53.2730275,-9.0495545,Galway
n10857705946,Aryan Pizzeria,fast_food,amenity=fast_food,53.2722709,-9.0507496,Galway
n11053623870,The Hob,fast_food,amenity=fast_food,53.4696842,-8.4999586,Mountbellew
n11097528367,Pizza Max,fast_food,amenity=fast_food,53.2964458,-9.0314171,Galway
n11154591866,Supermac's,fast_food,amenity=fast_food,53.0919129,-8.2202671,
n11367106129,Supermac's,fast_food,amenity=fast_food,53.4283271,-9.3179081,
n11871745425,Supermac's,fast_food,amenity=fast_food,53.2682081,-8.9294682,
n11917969175,Dough Bros,fast_food,amenity=fast_food,53.2747842,-9.0480441,
n12601239408,Street Dog,fast_food,amenity=fast_food,53.2717544,-9.0542093,
n12634185690,China Garden,fast_food,amenity=fast_food,53.2854996,-9.0176445,
n12908400901,Roma Take Away Restaurant,fast_food,amenity=fast_food,53.0917702,-8.2188754,
n12961122801,Cuan Chill Éinne,fast_food,amenity=fast_food,53.1047569,-9.6636138,
n13037344194,Apache Pizza,fast_food,amenity=fast_food,53.4880266,-10.0228319,
n13120147685,Fabio Takeaway,fast_food,amenity=fast_food,53.3971565,-8.9914675,Corrandulla
n13811037706,Spuds & shells,fast_food,amenity=fast_food,53.5633459,-9.8408466,
n13887943931,,fast_food,amenity=fast_food,53.1984276,-8.5693334,
w25761888,McDonald's,fast_food,amenity=fast_food,53.2756564,-9.0761804,
w78474056,McDonald's,fast_food,amenity=fast_food,53.2799377,-9.0499231,Galway
w177585451,Little Wang's Chinese Takeaway,fast_food,amenity=fast_food,53.4353451,-8.4367027,
w177705344,Fabrizio Italian Takeaway,fast_food,amenity=fast_food,53.2273378,-8.8800787,
w178054692,Supermac's,fast_food,amenity=fast_food,53.2991035,-8.7468262,
w211850452,King Ding,fast_food,amenity=fast_food,53.2734914,-9.081212,Galway
w684671651,Supermac's,fast_food,amenity=fast_food,53.2678806,-8.9294733,
w684671663,Giovannis Oranmore,fast_food,amenity=fast_food,53.2684574,-8.9292232,
w954710162,Supermac's,fast_food,amenity=fast_food,53.280998,-9.0469215,Galway
w1308676587,Iniswallah,fast_food,amenity=fast_food,53.6144822,-10.2294081,
