approval_number,establishment_name,address,county,country,source
2049,ABP Ireland UC T/A Functional Ingredients Ireland,"Cahir, Tipperary",Tipperary,Ireland,dafm:AllApprovedPlants_2026_4.xlsx
71,Americold Castleblayney Limited,"Castleblayney, Monaghan",Monaghan,Ireland,dafm:AllApprovedPlants_2026_4.xlsx
75,Americold Lough Egish Limited,"Castleblayney, Monaghan",Monaghan,Ireland,dafm:AllApprovedPlants_2026_4.xlsx
2067,Americold Dublin Limited,"St Margaret's, Dublin",Dublin,Ireland,dafm:AllApprovedPlants_2026_4.xlsx
2950,Andarl Farm Ltd,"Castlebar, Mayo",Mayo,Ireland,dafm:AllApprovedPlants_2026_4.xlsx
12,Anglo Beef Processors Ireland UC T/A ABP Abbey Road,"Cahir, Tipperary",Tipperary,Ireland,dafm:AllApprovedPlants_2026_4.xlsx
351,Anglo Beef Processors Ireland UC T/A ABP Bandon,"Bandon, Cork",Cork,Ireland,dafm:AllApprovedPlants_2026_4.xlsx
300,Anglo Beef Processors Ireland UC T/A ABP Cahir,"Cahir, Tipperary",Tipperary,Ireland,dafm:AllApprovedPlants_2026_4.xlsx
378,Anglo Beef Processors Ireland UC T/A ABP Clones,"Clones, Monaghan",Monaghan,Ireland,dafm:AllApprovedPlants_2026_4.xlsx
290,Anglo Beef Processors Ireland UC T/A ABP Nenagh,"Nenagh, Tipperary",Tipperary,Ireland,dafm:AllApprovedPlants_2026_4.xlsx
354,Anglo Beef Processors Ireland UC T/A ABP Rathkeale,"Rathkeale, Limerick",Limerick,Ireland,dafm:AllApprovedPlants_2026_4.xlsx
344,Anglo Beef Processors Ireland UC T/A ABP Waterford,"Waterford, Waterford",Waterford,Ireland,dafm:AllApprovedPlants_2026_4.xlsx
296,Anglo Beef Processors Ireland UC T/A ABP Slaney,"Bunclody, Wexford",Wexford,Ireland,dafm:AllApprovedPlants_2026_4.xlsx
363,Anglo Beef Processors Ireland UC T/A Irish Country Meats Navan,"Navan, Meath",Meath,Ireland,dafm:AllApprovedPlants_2026_4.xlsx
367,Anglo Beef Processors Ireland UC T/A Irish Country Meats Camolin,"Camolin, Wexford",Wexford,Ireland,dafm:AllApprovedPlants_2026_4.xlsx
612,Ardlawn Meats,"Carlingford, Louth",Louth,Ireland,dafm:AllApprovedPlants_2026_4.xlsx
406,Arthur Mallon Foods Ltd,"Monaghan, Monaghan",Monaghan,Ireland,dafm:AllApprovedPlants_2026_4.xlsx
2062,Aryzta Food Solutions UC,"Clondalkin, Dublin",Dublin,Ireland,dafm:AllApprovedPlants_2026_4.xlsx
600,ASBA Meats Ltd,"Ennis, Clare",Clare,Ireland,dafm:AllApprovedPlants_2026_4.xlsx
512,Ashbourne Meat Processors,"Naas, Kildare",Kildare,Ireland,dafm:AllApprovedPlants_2026_4.xlsx
382,Ashbourne Meats Roscrea UC,"Roscrea, Tipperary",Tipperary,Ireland,dafm:AllApprovedPlants_2026_4.xlsx
395,Ballaghadereen Bacon Factory Ltd,"Ballaghdereen, Roscommon",Roscommon,Ireland,dafm:AllApprovedPlants_2026_4.xlsx
792,Ballineen Fine Foods Ltd,"Bandon, Cork",Cork,Ireland,dafm:AllApprovedPlants_2026_4.xlsx
392,Ballon Meats Ltd,"Ballon, Carlow",Carlow,Ireland,dafm:AllApprovedPlants_2026_4.xlsx
550,Ballyboden Ltd T/A Glenside Bacon Company,"Glenties, Donegal",Donegal,Ireland,dafm:AllApprovedPlants_2026_4.xlsx
2967,Ballymooney Foods Limited,"Clane, Kildare",Kildare,Ireland,dafm:AllApprovedPlants_2026_4.xlsx
789,Birds Eye Ireland Limited,"Longford, Longford",Longford,Ireland,dafm:AllApprovedPlants_2026_4.xlsx
2008,Birds Eye Ireland Limited,"Naas, Kildare",Kildare,Ireland,dafm:AllApprovedPlants_2026_4.xlsx
2051,Bond Freeze Ltd,"Bond Road, Dublin",Dublin,Ireland,dafm:AllApprovedPlants_2026_4.xlsx
2012,Boyne Valley Meats Ltd,"Garristown, Meath",Meath,Ireland,dafm:AllApprovedPlants_2026_4.xlsx
2016,Bralca Cold Stores Ltd,"Newbridge, Kildare",Kildare,Ireland,dafm:AllApprovedPlants_2026_4.xlsx
604,C & J Meats Ireland,"Lifford, Donegal",Donegal,Ireland,dafm:AllApprovedPlants_2026_4.xlsx
70,C & M Coldstores Ltd,"Carrickmacross, Monaghan",Monaghan,Ireland,dafm:AllApprovedPlants_2026_4.xlsx
2061,C & M Coldstores (Shercock) Ltd,"Carrickmacross, Monaghan",Monaghan,Ireland,dafm:AllApprovedPlants_2026_4.xlsx
528,Callan Bacon Company Ltd,"Callan, Kilkenny",Kilkenny,Ireland,dafm:AllApprovedPlants_2026_4.xlsx
741,Carroll Cuisine UC,"Tullamore, Offaly",Offaly,Ireland,dafm:AllApprovedPlants_2026_4.xlsx
803,Carton Brothers T/A Manor Farm,"Shercock, Cavan",Cavan,Ireland,dafm:AllApprovedPlants_2026_4.xlsx
780,Clonakilty Food Company UC,"Western Rd., Clonakilty, Cork",Cork,Ireland,dafm:AllApprovedPlants_2026_4.xlsx
2002,Cold Move Logistics Solutions Ltd,"Oranmore, Galway",Galway,Ireland,dafm:AllApprovedPlants_2026_4.xlsx
795,Connolly Meats Ltd,"Scotstown, Monaghan",Monaghan,Ireland,dafm:AllApprovedPlants_2026_4.xlsx
79,Constellation Cold Logistics Blanchardstown Ltd,"Blanchardstown, Dublin",Dublin,Ireland,dafm:AllApprovedPlants_2026_4.xlsx
16,Constellation Cold Logistics Cork Limited,"Togher, Cork",Cork,Ireland,dafm:AllApprovedPlants_2026_4.xlsx
2043,Constellation Cold Logistics Dublin Limited,"Finglas, Dublin",Dublin,Ireland,dafm:AllApprovedPlants_2026_4.xlsx
84,Constellation Cold Logistics Midleton Limited,"Midleton, Cork",Cork,Ireland,dafm:AllApprovedPlants_2026_4.xlsx
2352,Coogan Meats Ltd,"Trim, Meath",Meath,Ireland,dafm:AllApprovedPlants_2026_4.xlsx
297,Cooksgrove Ltd. T/A Euro Farm Foods,"Duleek, Meath",Meath,Ireland,dafm:AllApprovedPlants_2026_4.xlsx
609,Comida Exports Limited T/A Ashgrove Wholesale Ltd,"Dually, Limerick",Limerick,Ireland,dafm:AllApprovedPlants_2026_4.xlsx
734,Dawn Farm Foods Ltd,"Naas, Kildare",Kildare,Ireland,dafm:AllApprovedPlants_2026_4.xlsx
318,Dawn Meats Ireland T/A Convenience Foods,"Kilmacthomas, Waterford",Waterford,Ireland,dafm:AllApprovedPlants_2026_4.xlsx
368,Dawn Meats Ireland UC T/A Dawn Charleville,"Charleville, Cork",Cork,Ireland,dafm:AllApprovedPlants_2026_4.xlsx
311,Dawn Meats Ireland UC T/A Meadow Meats,"Rathdowney, Laois",Laois,Ireland,dafm:AllApprovedPlants_2026_4.xlsx
364,Dawn Meats Ireland UC T/A Dawn Ballyhaunis,"Ballyhaunis, Mayo",Mayo,Ireland,dafm:AllApprovedPlants_2026_4.xlsx
350,Dawn Meats Ireland UC T/A Dawn Grannagh,"Grannagh, Waterford",Waterford,Ireland,dafm:AllApprovedPlants_2026_4.xlsx
574,Dawn Meats Ireland UC T/A Dawn Meats Kilbeggan,"Kilbeggan, Westmeath",Westmeath,Ireland,dafm:AllApprovedPlants_2026_4.xlsx
384,Dawn Meats Ireland UC T/A Dawn Meats Slane,"Navan, Meath",Meath,Ireland,dafm:AllApprovedPlants_2026_4.xlsx
268,Dawn Meats Ireland UC T/A Dawn Kildare,"Kildare, Kildare",Kildare,Ireland,dafm:AllApprovedPlants_2026_4.xlsx
2037,Dawn Meats Ltd.,"Kilmacthomas, Waterford",Waterford,Ireland,dafm:AllApprovedPlants_2026_4.xlsx
753,Dew Valley Foods Ltd,"Thurles, Tipperary",Tipperary,Ireland,dafm:AllApprovedPlants_2026_4.xlsx
576,Divilly's Ltd.,"Oranmore, Galway",Galway,Ireland,dafm:AllApprovedPlants_2026_4.xlsx
292,Donegal Meat Processors T/A Foyle Donegal,"Carrigans, Donegal",Donegal,Ireland,dafm:AllApprovedPlants_2026_4.xlsx
546,Drover Foods Ltd,"Wexford, Wexford",Wexford,Ireland,dafm:AllApprovedPlants_2026_4.xlsx
73312,DSG Packaging Ltd,"Naas, Kildare",Kildare,Ireland,dafm:AllApprovedPlants_2026_4.xlsx
407,Dunleavy Meats Ltd.,"Ballina, Mayo",Mayo,Ireland,dafm:AllApprovedPlants_2026_4.xlsx
2069,Eircorp Limited T/A Eirpak,"Oranmore, Galway",Galway,Ireland,dafm:AllApprovedPlants_2026_4.xlsx
3055,Eircorp Limited  TA Eirpak,"Ballyhaunis, Mayo",Mayo,Ireland,dafm:AllApprovedPlants_2026_4.xlsx
2052,Elite Quality Meats Ltd T/A Elita Meats or Ryan Meats,"Finglas, Dublin",Dublin,Ireland,dafm:AllApprovedPlants_2026_4.xlsx
738,Feldhues Gmbh Fleishwaren Production,"Clones, Monaghan",Monaghan,Ireland,dafm:AllApprovedPlants_2026_4.xlsx
575,Flamewood Ltd. T/A McCaughey Foods,"Castleblayney, Monaghan",Monaghan,Ireland,dafm:AllApprovedPlants_2026_4.xlsx
2024,Galway Turkeys Ltd T/A Capital Coldstore & Logistics,"Ballycoolin, Dublin",Dublin,Ireland,dafm:AllApprovedPlants_2026_4.xlsx
764,German Salami Co. (Dundalk) Ltd,"Dundalk, Louth",Louth,Ireland,dafm:AllApprovedPlants_2026_4.xlsx
564,Glen Aine Foods Ltd,"Knocklong, Limerick",Limerick,Ireland,dafm:AllApprovedPlants_2026_4.xlsx
830,Glenhaven Foods (Arklow) Unlimited Company,"Arklow, Wicklow",Wicklow,Ireland,dafm:AllApprovedPlants_2026_4.xlsx
2058,Glenhaven Foods (Arklow) Unlimited T/A The Hatchery,"Avoca, Wicklow",Wicklow,Ireland,dafm:AllApprovedPlants_2026_4.xlsx
4033,Golden Bake Limited,"Coolock, Dublin",Dublin,Ireland,dafm:AllApprovedPlants_2026_4.xlsx
779,Granby Ltd.,"Dublin 1, Dublin",Dublin,Ireland,dafm:AllApprovedPlants_2026_4.xlsx
381,Green Pasture Meat Processors Ltd.,"Drumlish, Longford",Longford,Ireland,dafm:AllApprovedPlants_2026_4.xlsx
838,Greene Farm Fine Foods Limited T/A Greene Farm,"Rathowen, Westmeath",Westmeath,Ireland,dafm:AllApprovedPlants_2026_4.xlsx
807,Grove Turkeys Ltd T/A Grove Farm,"Smithboro, Monaghan",Monaghan,Ireland,dafm:AllApprovedPlants_2026_4.xlsx
2070,Hannon Logistics Limited,"Lusk, Dublin",Dublin,Ireland,dafm:AllApprovedPlants_2026_4.xlsx
782,H & D Meats Ltd T/A Robinson Meats,"Chapelizod, Dublin",Dublin,Ireland,dafm:AllApprovedPlants_2026_4.xlsx
409,Hilton Foods (Irl) Ltd.,"Drogheda, Louth",Louth,Ireland,dafm:AllApprovedPlants_2026_4.xlsx
827,Hogan's Turkeys Limited,"Kells, Meath",Meath,Ireland,dafm:AllApprovedPlants_2026_4.xlsx
513,Honey Vale Foods Limited,"Cahir, Tipperary",Tipperary,Ireland,dafm:AllApprovedPlants_2026_4.xlsx
2056,Honeyvale Foods Ltd. T/A Oakpark Foods,"Clonmel, Tipperary",Tipperary,Ireland,dafm:AllApprovedPlants_2026_4.xlsx
775,Horgan's Delicatessen Supplies Ltd.,"Mitchelstown, Cork",Cork,Ireland,dafm:AllApprovedPlants_2026_4.xlsx
855,IGWT Poultry Services Ltd,"Castleblayney, Monaghan",Monaghan,Ireland,dafm:AllApprovedPlants_2026_4.xlsx
757,International Meat Ingredients Ltd (IMI Ltd),"Naas, Kildare",Kildare,Ireland,dafm:AllApprovedPlants_2026_4.xlsx
560,Irish Bacon Slicers Ltd,"Ballincollig, Cork",Cork,Ireland,dafm:AllApprovedPlants_2026_4.xlsx
701,Irish Casing Company,"Tullamore, Offaly",Offaly,Ireland,dafm:AllApprovedPlants_2026_4.xlsx
2065,J & J Game Dealing,"Castlebar, Mayo",Mayo,Ireland,dafm:AllApprovedPlants_2026_4.xlsx
2023,Karro McGee ROI Ltd,"Castleblayney, Monaghan",Monaghan,Ireland,dafm:AllApprovedPlants_2026_4.xlsx
404,Kavanagh Meats Enniscorthy ULC,"Enniscorthy, Wexford",Wexford,Ireland,dafm:AllApprovedPlants_2026_4.xlsx
2066,KCS Logistics & Storage Limited,"Raheenagh, Limerick",Limerick,Ireland,dafm:AllApprovedPlants_2026_4.xlsx
83,Kells Cold Stores Limited,"Kells, Meath",Meath,Ireland,dafm:AllApprovedPlants_2026_4.xlsx
317,Kepak Clonee Unlimited Company,"Clonee, Meath",Meath,Ireland,dafm:AllApprovedPlants_2026_4.xlsx
313,Kepak Athleague,"Athleague, Roscommon",Roscommon,Ireland,dafm:AllApprovedPlants_2026_4.xlsx
2038,Kepak Ballybay,"Ballybay, Monaghan",Monaghan,Ireland,dafm:AllApprovedPlants_2026_4.xlsx
329,Kepak Cork,"Watergrasshill, Cork",Cork,Ireland,dafm:AllApprovedPlants_2026_4.xlsx
2007,Kepak Kilbeggan Unlimited Company,"Kilbeggan, Westmeath",Westmeath,Ireland,dafm:AllApprovedPlants_2026_4.xlsx
533,Kepak Longford,"Ballymahon, Longford",Longford,Ireland,dafm:AllApprovedPlants_2026_4.xlsx
559,Kiely Meats (Waterford) Ltd,"Kilmacow, Kilkenny",Kilkenny,Ireland,dafm:AllApprovedPlants_2026_4.xlsx
325,Liffey Meats (Cavan) UC. T/A Liffey Meats,"Ballyjamesduff, Cavan",Cavan,Ireland,dafm:AllApprovedPlants_2026_4.xlsx
2003,Liffey Meats Ltd,"Hacketstown, Carlow",Carlow,Ireland,dafm:AllApprovedPlants_2026_4.xlsx
401,Liffey Meats T/A O’ Connor Meat Products 2010 Ltd,"Ballinasloe, Galway",Galway,Ireland,dafm:AllApprovedPlants_2026_4.xlsx
756,Lundy Foods Ltd,"Ballina, Mayo",Mayo,Ireland,dafm:AllApprovedPlants_2026_4.xlsx
33,Lyonara Cold Stores,"Portlaoise, Laois",Laois,Ireland,dafm:AllApprovedPlants_2026_4.xlsx
59,Lyonara Coldstores  (Cork) Ltd.,"Mallow, Cork",Cork,Ireland,dafm:AllApprovedPlants_2026_4.xlsx
799,M & M Walshe Ltd. T/A Rib World,"Fethard, Tipperary",Tipperary,Ireland,dafm:AllApprovedPlants_2026_4.xlsx
2042,MAASDEC Fine Foods T/A McCaughey Foods,"Castleblayney, Monaghan",Monaghan,Ireland,dafm:AllApprovedPlants_2026_4.xlsx
790,Malone Food Products,"Castleblayney, Monaghan",Monaghan,Ireland,dafm:AllApprovedPlants_2026_4.xlsx
372,Martin Jennings Wholesale Ltd,"Ballinrobe, Mayo",Mayo,Ireland,dafm:AllApprovedPlants_2026_4.xlsx
608,McCarren Meats UC,"Cavan, Cavan",Cavan,Ireland,dafm:AllApprovedPlants_2026_4.xlsx
2029,Molloy & Sherry (Eirfreeze) Ltd,"Swords, Dublin",Dublin,Ireland,dafm:AllApprovedPlants_2026_4.xlsx
370,Moyvalley Meats (IRL) UC  T/A Moyvalley Meats,"Broadford, Kildare",Kildare,Ireland,dafm:AllApprovedPlants_2026_4.xlsx
2072,Mulligan Transport Limited,"Castleblayney, Monaghan",Monaghan,Ireland,dafm:AllApprovedPlants_2026_4.xlsx
2063,Musgrave Food Exports Limited,"Ballymun, Dublin",Dublin,Ireland,dafm:AllApprovedPlants_2026_4.xlsx
2048,Musgrave Ltd. T/A Allied Logistics,"Tallaght, Dublin",Dublin,Ireland,dafm:AllApprovedPlants_2026_4.xlsx
2010,Nest Box Egg Company Ltd,"Castleblayney, Monaghan",Monaghan,Ireland,dafm:AllApprovedPlants_2026_4.xlsx
754,Newbridge Foods Ltd,"Newbridge, Kildare",Kildare,Ireland,dafm:AllApprovedPlants_2026_4.xlsx
570,Newbridge Meats Ltd,"Newbridge, Kildare",Kildare,Ireland,dafm:AllApprovedPlants_2026_4.xlsx
40,North Raven Ltd.  T/A Temperature Controlled Logistics,"Roscrea, Tipperary",Tipperary,Ireland,dafm:AllApprovedPlants_2026_4.xlsx
2313,O’Brien Fine Foods UC,"Naas, Kildare",Kildare,Ireland,dafm:AllApprovedPlants_2026_4.xlsx
2011,O'Farrell Meats Ltd,"Midleton, Cork",Cork,Ireland,dafm:AllApprovedPlants_2026_4.xlsx
784,Oliver Carty UC,"Athlone, Roscommon",Roscommon,Ireland,dafm:AllApprovedPlants_2026_4.xlsx
2071,O'Toole Transport Limited,"Hollystown, Dublin",Dublin,Ireland,dafm:AllApprovedPlants_2026_4.xlsx
2045,Permafrost Refrigeration & Air Conditioning Ltd,"Ballincollig, Cork",Cork,Ireland,dafm:AllApprovedPlants_2026_4.xlsx
3050,Peter & Damien Foley Transport Ltd,"New Ross, Wexford",Wexford,Ireland,dafm:AllApprovedPlants_2026_4.xlsx
501,Pilgrim's Food Masters Ireland Ltd,"Shillelagh, Wicklow",Wicklow,Ireland,dafm:AllApprovedPlants_2026_4.xlsx
747,Pilgrim's Food Masters Ireland Limited,"Carrickmacross, Monaghan",Monaghan,Ireland,dafm:AllApprovedPlants_2026_4.xlsx
761,Portumna Pastry Ltd.,"Portumna, Galway",Galway,Ireland,dafm:AllApprovedPlants_2026_4.xlsx
157,Prestige Foods Ltd,"Listowel, Kerry",Kerry,Ireland,dafm:AllApprovedPlants_2026_4.xlsx
2068,Provincial Agri Foods Limited,"Carrickmacross, Monaghan",Monaghan,Ireland,dafm:AllApprovedPlants_2026_4.xlsx
32,Q.K. Cold Stores Ltd,"Grannagh, Waterford",Waterford,Ireland,dafm:AllApprovedPlants_2026_4.xlsx
2410,Quality First Limited,"Muirfield, Dublin",Dublin,Ireland,dafm:AllApprovedPlants_2026_4.xlsx
152,Quality Irish Food Ltd T/A Mr Crumb,"Mullingar, Westmeath",Westmeath,Ireland,dafm:AllApprovedPlants_2026_4.xlsx
332,Queally Pig Slaughtering Ltd T/A Dawn Pork & Bacon,"Grannagh, Waterford",Waterford,Ireland,dafm:AllApprovedPlants_2026_4.xlsx
717,Rangeland Foods,"Castleblayney, Monaghan",Monaghan,Ireland,dafm:AllApprovedPlants_2026_4.xlsx
2057,RC Casing Ltd,"Ballyhaunis, Mayo",Mayo,Ireland,dafm:AllApprovedPlants_2026_4.xlsx
611,Rosderra Irish Meats Group UC,"Mitchelstown, Cork",Cork,Ireland,dafm:AllApprovedPlants_2026_4.xlsx
306,Rosderra Irish Meats Group UC,"Clara, Offaly",Offaly,Ireland,dafm:AllApprovedPlants_2026_4.xlsx
356,Rosderra Irish Meats Group ULC,"Edenderry, Offaly",Offaly,Ireland,dafm:AllApprovedPlants_2026_4.xlsx
151,Rosderra Irish Meats Group UC,"Jamestown, Leitrim",Leitrim,Ireland,dafm:AllApprovedPlants_2026_4.xlsx
355,Rosderra Irish Meats Group UC,"Roscrea, Tipperary",Tipperary,Ireland,dafm:AllApprovedPlants_2026_4.xlsx
2014,Rosderra Irish Meats Group UC,"Stradone, Cavan",Cavan,Ireland,dafm:AllApprovedPlants_2026_4.xlsx
551,Sean Loughnane (Galway) Ltd,"Tuam, Galway",Galway,Ireland,dafm:AllApprovedPlants_2026_4.xlsx
800,Sean Loughnane (Galway) Ltd. T/A Rudds Fine Foods,"Birr, Offaly",Offaly,Ireland,dafm:AllApprovedPlants_2026_4.xlsx
814,Shannon Vale Foods,"Clonakilty, Cork",Cork,Ireland,dafm:AllApprovedPlants_2026_4.xlsx
801,Silver Hill Foods UC,"Emyvale, Monaghan",Monaghan,Ireland,dafm:AllApprovedPlants_2026_4.xlsx
2021,Sligo Freeze Chill Ltd,"Collooney, Sligo",Sligo,Ireland,dafm:AllApprovedPlants_2026_4.xlsx
380,Staunton Foods Ltd.,"Timoleague, Cork",Cork,Ireland,dafm:AllApprovedPlants_2026_4.xlsx
2993,Tavan Meats,"Mullagh, Cavan",Cavan,Ireland,dafm:AllApprovedPlants_2026_4.xlsx
538,Tender Meats Ltd.,"Clondalkin, Dublin",Dublin,Ireland,dafm:AllApprovedPlants_2026_4.xlsx
2005,TCFG Naas Limited T/A The Culinary Food Group,"Naas, Kildare",Kildare,Ireland,dafm:AllApprovedPlants_2026_4.xlsx
2977,The Real Meal Company,"Monaghan, Monaghan",Monaghan,Ireland,dafm:AllApprovedPlants_2026_4.xlsx
2732,Traditional Meat Company,"Oldcastle, Meath",Meath,Ireland,dafm:AllApprovedPlants_2026_4.xlsx
8,Trans-Stock Warehousing & Cold Storage Ltd,"Waterford, Waterford",Waterford,Ireland,dafm:AllApprovedPlants_2026_4.xlsx
2663,Troys Abattoir Limited,"Mullingar, Westmeath",Westmeath,Ireland,dafm:AllApprovedPlants_2026_4.xlsx
2178,VOA Foods UC T/A Do Me A Flavour,"Athlone, Roscommon",Roscommon,Ireland,dafm:AllApprovedPlants_2026_4.xlsx
818,Western Brand Group Unlimited,"Ballyhaunis, Mayo",Mayo,Ireland,dafm:AllApprovedPlants_2026_4.xlsx
2059,Wilbay Limited,"Emo, Laois",Laois,Ireland,dafm:AllApprovedPlants_2026_4.xlsx
2428,Williams Gate Limited,"Tuam Road, Galway",Galway,Ireland,dafm:AllApprovedPlants_2026_4.xlsx
2750,Adrian Treanor T/A Treanor Poultry,"Knocaconny, Monaghan",Monaghan,Ireland,dafm:AllApprovedPlants_2025_Formerly_LA_Plants.xlsx
3032,Aidan Wrynne Meats,"Mohill, Leitrim",Leitrim,Ireland,dafm:AllApprovedPlants_2025_Formerly_LA_Plants.xlsx
3009,Amber Ring Europe LTD,"Rathangan, Kildare",Kildare,Ireland,dafm:AllApprovedPlants_2025_Formerly_LA_Plants.xlsx
2579,Andrew English,"Emly, Tipperary",Tipperary,Ireland,dafm:AllApprovedPlants_2025_Formerly_LA_Plants.xlsx
2780,Andrew Mahon,"Drumree, Meath",Meath,Ireland,dafm:AllApprovedPlants_2025_Formerly_LA_Plants.xlsx
2897,Andrius Kralikas T/A Fermoy Meat,"Fermoy, Cork",Cork,Ireland,dafm:AllApprovedPlants_2025_Formerly_LA_Plants.xlsx
3026,Andrius Kralikas T/A Fermoy Meat Smokehouse,"Little Island, Cork",Cork,Ireland,dafm:AllApprovedPlants_2025_Formerly_LA_Plants.xlsx
2651,Anthony & Padraig Farrelly,"Delgany, Wicklow",Wicklow,Ireland,dafm:AllApprovedPlants_2025_Formerly_LA_Plants.xlsx
2440,Anthony McGettigan,"Milford, Donegal",Donegal,Ireland,dafm:AllApprovedPlants_2025_Formerly_LA_Plants.xlsx
2557,Argue Meats,"Cootehill, Cavan",Cavan,Ireland,dafm:AllApprovedPlants_2025_Formerly_LA_Plants.xlsx
2983,Asba Meats Ltd,"Shannon, Clare",Clare,Ireland,dafm:AllApprovedPlants_2025_Formerly_LA_Plants.xlsx
2786,Ashbrook Farms LTD,"Knockbridge, Louth",Louth,Ireland,dafm:AllApprovedPlants_2025_Formerly_LA_Plants.xlsx
2802,B Bowes Ltd,"Sligo, Sligo",Sligo,Ireland,dafm:AllApprovedPlants_2025_Formerly_LA_Plants.xlsx
2781,Bailey Foods,"William St, Limerick",Limerick,Ireland,dafm:AllApprovedPlants_2025_Formerly_LA_Plants.xlsx
2366,Ballyburden Meat Processors LTD,"Ballincollig, Cork",Cork,Ireland,dafm:AllApprovedPlants_2025_Formerly_LA_Plants.xlsx
2850,Barlow's Organic Farm,"Castlerea, Galway",Galway,Ireland,dafm:AllApprovedPlants_2025_Formerly_LA_Plants.xlsx
2908,Barry Johns Sausages,"Poles, Cavan",Cavan,Ireland,dafm:AllApprovedPlants_2025_Formerly_LA_Plants.xlsx
2469,Bary Fitzgerald Butchers Ltd T/A Fitzgerald Butchers,"Fermoy, Cork",Cork,Ireland,dafm:AllApprovedPlants_2025_Formerly_LA_Plants.xlsx
3044,Beard Brothers Meat LTD,"Loughrea, Galway",Galway,Ireland,dafm:AllApprovedPlants_2025_Formerly_LA_Plants.xlsx
2411,Benedict Morris Slaughterhouse,"Elphin, Roscommon",Roscommon,Ireland,dafm:AllApprovedPlants_2025_Formerly_LA_Plants.xlsx
2736,Billy Kissane,"Listowel, Kerry",Kerry,Ireland,dafm:AllApprovedPlants_2025_Formerly_LA_Plants.xlsx
2618,Billy Murphy T/A Murphy Quality Meats,"Waterford, Waterford",Waterford,Ireland,dafm:AllApprovedPlants_2025_Formerly_LA_Plants.xlsx
2916,Bird Farm Ltd T/A The Wooded Pig,"Tara, Meath",Meath,Ireland,dafm:AllApprovedPlants_2025_Formerly_LA_Plants.xlsx
2647,Blacks Butchers,"Bailieborough, Cavan",Cavan,Ireland,dafm:AllApprovedPlants_2025_Formerly_LA_Plants.xlsx
2697,Boyle Country Meats,"Boyle, Roscommon",Roscommon,Ireland,dafm:AllApprovedPlants_2025_Formerly_LA_Plants.xlsx
2609,Brady Manufacturing,"Athenry, Galway",Galway,Ireland,dafm:AllApprovedPlants_2025_Formerly_LA_Plants.xlsx
3008,Brian Carroll,"Athenry, Galway",Galway,Ireland,dafm:AllApprovedPlants_2025_Formerly_LA_Plants.xlsx
2577,Brian Lewis,"Tipperary, Tipperary",Tipperary,Ireland,dafm:AllApprovedPlants_2025_Formerly_LA_Plants.xlsx
2926,Brian McCarron T/A McCarron's Butchers,"Raphoe, Donegal",Donegal,Ireland,dafm:AllApprovedPlants_2025_Formerly_LA_Plants.xlsx
2795,Brid Ni Mhathuna T/A Piog Pies,"Tralee, Kerry",Kerry,Ireland,dafm:AllApprovedPlants_2025_Formerly_LA_Plants.xlsx
2516,Burns Farm Meats LTD,"Grange, Sligo",Sligo,Ireland,dafm:AllApprovedPlants_2025_Formerly_LA_Plants.xlsx
3000,Butcher's Best Abattoir Ltd,"Bunclody, Carlow",Carlow,Ireland,dafm:AllApprovedPlants_2025_Formerly_LA_Plants.xlsx
2325,C & M Foods,"Tulla, Clare",Clare,Ireland,dafm:AllApprovedPlants_2025_Formerly_LA_Plants.xlsx
2940,CA Meats LTD,"Annascaul, Kerry",Kerry,Ireland,dafm:AllApprovedPlants_2025_Formerly_LA_Plants.xlsx
2303,Caherbeg Free Range Pork Ltd,"Rosscarbery, Cork",Cork,Ireland,dafm:AllApprovedPlants_2025_Formerly_LA_Plants.xlsx
2771,Callan Premium Foods LTD,"Callan, Kilkenny",Kilkenny,Ireland,dafm:AllApprovedPlants_2025_Formerly_LA_Plants.xlsx
2939,Campbell Meats,"Drumshanbo, Leitrim",Leitrim,Ireland,dafm:AllApprovedPlants_2025_Formerly_LA_Plants.xlsx
2768,Carlow Foods LTD,"Fenagh, Carlow",Carlow,Ireland,dafm:AllApprovedPlants_2025_Formerly_LA_Plants.xlsx
2765,Carney Quality Meats Ltd,"Coolock, Dublin",Dublin,Ireland,dafm:AllApprovedPlants_2025_Formerly_LA_Plants.xlsx
3033,Carnivore Meats LTD,"Dundalk, Louth",Louth,Ireland,dafm:AllApprovedPlants_2025_Formerly_LA_Plants.xlsx
2991,Caroline Rigney T/A Rigneys Farm Curraghchase Freerange Pork,"Kilcornan, Limerick",Limerick,Ireland,dafm:AllApprovedPlants_2025_Formerly_LA_Plants.xlsx
2941,Castlemine Farm LTD,"Roscommon, Roscommon",Roscommon,Ireland,dafm:AllApprovedPlants_2025_Formerly_LA_Plants.xlsx
2321,Castleview Meats Ltd,"Macroom, Cork",Cork,Ireland,dafm:AllApprovedPlants_2025_Formerly_LA_Plants.xlsx
2719,Celbridge Meats T/A JJ Young and Sons,"Clane, Kildare",Kildare,Ireland,dafm:AllApprovedPlants_2025_Formerly_LA_Plants.xlsx
2433,Charles Gallagher,"Castlefinn, Donegal",Donegal,Ireland,dafm:AllApprovedPlants_2025_Formerly_LA_Plants.xlsx
2997,Charley Meats Ltd,"Castleshane, Monaghan",Monaghan,Ireland,dafm:AllApprovedPlants_2025_Formerly_LA_Plants.xlsx
2959,Charlie Walshe T/A Lorenzen's LTD,"Kilmessan, Meath",Meath,Ireland,dafm:AllApprovedPlants_2025_Formerly_LA_Plants.xlsx
2846,Chef In A Box LTD,"Drumshanbo, Leitrim",Leitrim,Ireland,dafm:AllApprovedPlants_2025_Formerly_LA_Plants.xlsx
3054,Chef In A Box LTD,"Drumshanbo, Leitrim",Leitrim,Ireland,dafm:AllApprovedPlants_2025_Formerly_LA_Plants.xlsx
2715,Choice Cuts,"Swanlinbar, Cavan",Cavan,Ireland,dafm:AllApprovedPlants_2025_Formerly_LA_Plants.xlsx
2457,Christopher & Trevor Collins,"Castletownbere, Cork",Cork,Ireland,dafm:AllApprovedPlants_2025_Formerly_LA_Plants.xlsx
2360,Christopher Byrne,"Enniscorthy, Wexford",Wexford,Ireland,dafm:AllApprovedPlants_2025_Formerly_LA_Plants.xlsx
2538,C.L. Meats Ltd,"Kinsale Rd, Cork",Cork,Ireland,dafm:AllApprovedPlants_2025_Formerly_LA_Plants.xlsx
2754,Clive Clarke T/A Ashgate Farm Meats,"Dunkerrin, Offaly",Offaly,Ireland,dafm:AllApprovedPlants_2025_Formerly_LA_Plants.xlsx
2499,Clonmore Meats,"Killeshin, Carlow",Carlow,Ireland,dafm:AllApprovedPlants_2025_Formerly_LA_Plants.xlsx
2949,Cormac O'Connor (Pork & Bacon) Ltd,"Mayfield, Cork",Cork,Ireland,dafm:AllApprovedPlants_2025_Formerly_LA_Plants.xlsx
2979,Courtney's Factory Shop Ltd,"Tallaght, Dublin",Dublin,Ireland,dafm:AllApprovedPlants_2025_Formerly_LA_Plants.xlsx
2334,Coyle Vac Pack LTD,"Dundalk, Louth",Louth,Ireland,dafm:AllApprovedPlants_2025_Formerly_LA_Plants.xlsx
2952,Crag Meat Supply Ltd,"Clondalkin, Dublin",Dublin,Ireland,dafm:AllApprovedPlants_2025_Formerly_LA_Plants.xlsx
2634,Cronin Family Butchers,"Kanturk, Cork",Cork,Ireland,dafm:AllApprovedPlants_2025_Formerly_LA_Plants.xlsx
2976,Crowe Farm Poultry LTD,"Dundrum, Tipperary",Tipperary,Ireland,dafm:AllApprovedPlants_2025_Formerly_LA_Plants.xlsx
2580,Crowe Meats LTD,"Dundrum, Tipperary",Tipperary,Ireland,dafm:AllApprovedPlants_2025_Formerly_LA_Plants.xlsx
2375,Dale Meats Ltd,"Bray, Wicklow",Wicklow,Ireland,dafm:AllApprovedPlants_2025_Formerly_LA_Plants.xlsx
2393,Damien Thornton,"Manorhamilton, Leitrim",Leitrim,Ireland,dafm:AllApprovedPlants_2025_Formerly_LA_Plants.xlsx
2528,Daniel P Murphy,"Midleton, Cork",Cork,Ireland,dafm:AllApprovedPlants_2025_Formerly_LA_Plants.xlsx
2576,David O'Malley,"Tipperary, Tipperary",Tipperary,Ireland,dafm:AllApprovedPlants_2025_Formerly_LA_Plants.xlsx
2899,Dawn Meats Ireland,"Ballymount, Dublin",Dublin,Ireland,dafm:AllApprovedPlants_2025_Formerly_LA_Plants.xlsx
3039,DC Meats LTD T/A Farm House Foods,"Dunshaughlin, Meath",Meath,Ireland,dafm:AllApprovedPlants_2025_Formerly_LA_Plants.xlsx
2848,DDLM T/A QFL Quality Food Network,"Ballycoolin, Dublin",Dublin,Ireland,dafm:AllApprovedPlants_2025_Formerly_LA_Plants.xlsx
2820,Declan McCarthy Meats,"Ballinamore, Leitrim",Leitrim,Ireland,dafm:AllApprovedPlants_2025_Formerly_LA_Plants.xlsx
2615,Derek Sherlock,"Tubbercurry, Sligo",Sligo,Ireland,dafm:AllApprovedPlants_2025_Formerly_LA_Plants.xlsx
2958,Dermot Duffy T/A Meats Direct,"Gort, Galway",Galway,Ireland,dafm:AllApprovedPlants_2025_Formerly_LA_Plants.xlsx
3041,Derrykearne Foods LTD,"Roscrea, Tipperary",Tipperary,Ireland,dafm:AllApprovedPlants_2025_Formerly_LA_Plants.xlsx
2394,"Donagh O'Reilly, T/A A. O'Reilly & Sons","Youghal, Cork",Cork,Ireland,dafm:AllApprovedPlants_2025_Formerly_LA_Plants.xlsx
2833,Donnybrook Fair LTD,"Donnybrook, Dublin",Dublin,Ireland,dafm:AllApprovedPlants_2025_Formerly_LA_Plants.xlsx
2358,Doyle Catering Meats,"Rathcoole, Dublin",Dublin,Ireland,dafm:AllApprovedPlants_2025_Formerly_LA_Plants.xlsx
2903,DPB Meats Ltd T/A Dublin Meat Company,"Swords, Dublin",Dublin,Ireland,dafm:AllApprovedPlants_2025_Formerly_LA_Plants.xlsx
2306,Dromena Foods,"Castlebellingham, Louth",Louth,Ireland,dafm:AllApprovedPlants_2025_Formerly_LA_Plants.xlsx
2328,Duffys Pork & Bacon Ltd,"Castleblayney, Monaghan",Monaghan,Ireland,dafm:AllApprovedPlants_2025_Formerly_LA_Plants.xlsx
2984,Dun Laoghaire Food Company T/A Hicks of Dun Laoghaire,"Dun Laoghaire, Dublin",Dublin,Ireland,dafm:AllApprovedPlants_2025_Formerly_LA_Plants.xlsx
2641,Dun Luain Foods Ltd,"Dunlavin, Wicklow",Wicklow,Ireland,dafm:AllApprovedPlants_2025_Formerly_LA_Plants.xlsx
2696,Dunnes of Wicklow,"Rathnew, Co.Wicklow",Co.Wicklow,Ireland,dafm:AllApprovedPlants_2025_Formerly_LA_Plants.xlsx
2867,Eamon Ryan,"Golden, Tipperary",Tipperary,Ireland,dafm:AllApprovedPlants_2025_Formerly_LA_Plants.xlsx
2468,Edmond Clifford,"Castlemartyr, Cork",Cork,Ireland,dafm:AllApprovedPlants_2025_Formerly_LA_Plants.xlsx
2536,Edward Joyce T/A Summerhill Meats LTD,"Meelick, Clare",Clare,Ireland,dafm:AllApprovedPlants_2025_Formerly_LA_Plants.xlsx
2545,Edward Lacey,"Thurles, Tipperary",Tipperary,Ireland,dafm:AllApprovedPlants_2025_Formerly_LA_Plants.xlsx
2672,Egan Meats,"Terenure, Dublin",Dublin,Ireland,dafm:AllApprovedPlants_2025_Formerly_LA_Plants.xlsx
3013,Elite Quality Meats T/A Doyle Meats,"Coolock, Dublin",Dublin,Ireland,dafm:AllApprovedPlants_2025_Formerly_LA_Plants.xlsx
2982,Emamou Food Ltd,"Clondalkin, Dublin",Dublin,Ireland,dafm:AllApprovedPlants_2025_Formerly_LA_Plants.xlsx
2900,Enda Aherne,"Limerick, Limerick",Limerick,Ireland,dafm:AllApprovedPlants_2025_Formerly_LA_Plants.xlsx
2894,Eugene & Helena Hickey T/A Skeaghanore Duck,"Skeaghanore, Cork",Cork,Ireland,dafm:AllApprovedPlants_2025_Formerly_LA_Plants.xlsx
2608,Eugene McEntee,"Portumna, Galway",Galway,Ireland,dafm:AllApprovedPlants_2025_Formerly_LA_Plants.xlsx
3025,Euro Meat,"Rathangan, Kildare",Kildare,Ireland,dafm:AllApprovedPlants_2025_Formerly_LA_Plants.xlsx
2818,Failte Foods LTD T/A Morgan Meats,"Omeath, Louth",Louth,Ireland,dafm:AllApprovedPlants_2025_Formerly_LA_Plants.xlsx
2315,Farney Foods Ltd,"Carrickmacross, Monaghan",Monaghan,Ireland,dafm:AllApprovedPlants_2025_Formerly_LA_Plants.xlsx
2318,Feoil Na Fleisce Teoranta,"Baile Mhuirne, Cork",Cork,Ireland,dafm:AllApprovedPlants_2025_Formerly_LA_Plants.xlsx
2392,Feoil O'Croistoir Teoranta,"Balincollig, Cork",Cork,Ireland,dafm:AllApprovedPlants_2025_Formerly_LA_Plants.xlsx
3030,Fergus Dunne T/A Pigs on the Green,"Tyrellspass, Westmeath",Westmeath,Ireland,dafm:AllApprovedPlants_2025_Formerly_LA_Plants.xlsx
2720,Finbar Cribben,"Leixlip, Kildare",Kildare,Ireland,dafm:AllApprovedPlants_2025_Formerly_LA_Plants.xlsx
2855,Fine Food Dining LTD,"Naas Rd, Dublin",Dublin,Ireland,dafm:AllApprovedPlants_2025_Formerly_LA_Plants.xlsx
2309,Firren Foods LTD,"Ardee, Louth",Louth,Ireland,dafm:AllApprovedPlants_2025_Formerly_LA_Plants.xlsx
2378,Floods Butchers,"Oldcastle, Meath",Meath,Ireland,dafm:AllApprovedPlants_2025_Formerly_LA_Plants.xlsx
3014,Foxbrook Foods LTD T/A McCarthy's Meat Market,"Wilton, Cork",Cork,Ireland,dafm:AllApprovedPlants_2025_Formerly_LA_Plants.xlsx
2912,Frank Doyle FD Meats,"Bray, Wicklow",Wicklow,Ireland,dafm:AllApprovedPlants_2025_Formerly_LA_Plants.xlsx
2359,FX Buckley Products Ltd,"Rathcoole, Dublin",Dublin,Ireland,dafm:AllApprovedPlants_2025_Formerly_LA_Plants.xlsx
2466,Gahan Meats Ltd,"Finglas, Dublin",Dublin,Ireland,dafm:AllApprovedPlants_2025_Formerly_LA_Plants.xlsx
2703,Ger McGreal,"Balla, Mayo",Mayo,Ireland,dafm:AllApprovedPlants_2025_Formerly_LA_Plants.xlsx
2649,Gerard & Martin Quinn,"Ballybay, Monaghan",Monaghan,Ireland,dafm:AllApprovedPlants_2025_Formerly_LA_Plants.xlsx
2402,Gerry Joyce Meats,"Castlebar, Mayo",Mayo,Ireland,dafm:AllApprovedPlants_2025_Formerly_LA_Plants.xlsx
2383,Gilligan Farm Fresh Meats,"Fourmilehouse, Roscommon",Roscommon,Ireland,dafm:AllApprovedPlants_2025_Formerly_LA_Plants.xlsx
2691,Gold Medal Meats Ltd,"Palmerstown, Dublin",Dublin,Ireland,dafm:AllApprovedPlants_2025_Formerly_LA_Plants.xlsx
3056,Golden Herd Organics,"Thurles, Tipperary",Tipperary,Ireland,dafm:AllApprovedPlants_2025_Formerly_LA_Plants.xlsx
2838,Gourmet Game LTD,"Scariff, Clare",Clare,Ireland,dafm:AllApprovedPlants_2025_Formerly_LA_Plants.xlsx
2317,Gubbeen Farm House Products LTD,"Schull, Cork",Cork,Ireland,dafm:AllApprovedPlants_2025_Formerly_LA_Plants.xlsx
2320,Hanley's Puddings LTD,"Mitchelstown, Cork",Cork,Ireland,dafm:AllApprovedPlants_2025_Formerly_LA_Plants.xlsx
2712,Haynestown Meats Limited,"Naas, Kildare",Kildare,Ireland,dafm:AllApprovedPlants_2025_Formerly_LA_Plants.xlsx
2447,Heery Meats,"Bawnbnoy, Cavan",Cavan,Ireland,dafm:AllApprovedPlants_2025_Formerly_LA_Plants.xlsx
2969,Heneghan Butchers LTD,"Ballinrobe, Mayo",Mayo,Ireland,dafm:AllApprovedPlants_2025_Formerly_LA_Plants.xlsx
3031,Hillbilly's Distribution LTD,"Cork, Cork",Cork,Ireland,dafm:AllApprovedPlants_2025_Formerly_LA_Plants.xlsx
2305,Hodgins Sausages LTD,"Mitchelstown, Cork",Cork,Ireland,dafm:AllApprovedPlants_2025_Formerly_LA_Plants.xlsx
2479,Hugh Anthony O'Donnell,"Gort, Galway",Galway,Ireland,dafm:AllApprovedPlants_2025_Formerly_LA_Plants.xlsx
2994,Hugh Gallagher T/A Corveen Glen,"Derrybeg, Donegal",Donegal,Ireland,dafm:AllApprovedPlants_2025_Formerly_LA_Plants.xlsx
2624,Hugh Murray,"Kilbeggan, Westmeath",Westmeath,Ireland,dafm:AllApprovedPlants_2025_Formerly_LA_Plants.xlsx
2769,Iaroo LTD T/A Ryan's Farm,"Kells, Meath",Meath,Ireland,dafm:AllApprovedPlants_2025_Formerly_LA_Plants.xlsx
2453,Ibane Meats LTD,"Bandon, Cork",Cork,Ireland,dafm:AllApprovedPlants_2025_Formerly_LA_Plants.xlsx
2858,Iveragh Meats Ltd T/A Millers,"Killarney, Kerry",Kerry,Ireland,dafm:AllApprovedPlants_2025_Formerly_LA_Plants.xlsx
3020,Ivor McMahon's T/A McMahon's Biltong,"Ballysimon, Limerick",Limerick,Ireland,dafm:AllApprovedPlants_2025_Formerly_LA_Plants.xlsx
2629,Jack McCarthy (Kanturk) LTD,"Kanturk, Cork",Cork,Ireland,dafm:AllApprovedPlants_2025_Formerly_LA_Plants.xlsx
2416,James & Joseph Kelly,"Ennis, Clare",Clare,Ireland,dafm:AllApprovedPlants_2025_Formerly_LA_Plants.xlsx
2677,James Duffy,"Ballyhaunis, Mayo",Mayo,Ireland,dafm:AllApprovedPlants_2025_Formerly_LA_Plants.xlsx
2511,James J Walsh,"Lixnaw, Kerry",Kerry,Ireland,dafm:AllApprovedPlants_2025_Formerly_LA_Plants.xlsx
2704,James Molloy,"Shrule, Mayo",Mayo,Ireland,dafm:AllApprovedPlants_2025_Formerly_LA_Plants.xlsx
2749,James Mulhall,"Ballickmoyler, Laois",Laois,Ireland,dafm:AllApprovedPlants_2025_Formerly_LA_Plants.xlsx
2332,James Nolan,"Kilcullen, Kildare",Kildare,Ireland,dafm:AllApprovedPlants_2025_Formerly_LA_Plants.xlsx
2695,James Shanahan Ltd,"Pallaskenry, Limerick",Limerick,Ireland,dafm:AllApprovedPlants_2025_Formerly_LA_Plants.xlsx
2796,Jeanette Hugo of Uncle Boks LTD,"Ballinalee, Longford",Longford,Ireland,dafm:AllApprovedPlants_2025_Formerly_LA_Plants.xlsx
2996,Jerome Cahill,"Killorglin, Kerry",Kerry,Ireland,dafm:AllApprovedPlants_2025_Formerly_LA_Plants.xlsx
2701,Jerry Nolan Meat Wholesalers LTD,"Fairhill, Cork",Cork,Ireland,dafm:AllApprovedPlants_2025_Formerly_LA_Plants.xlsx
2782,Jim Flavin,"Annacottty, Limerick",Limerick,Ireland,dafm:AllApprovedPlants_2025_Formerly_LA_Plants.xlsx
2783,Joan Sullivan,"Ballinalee, Longford",Longford,Ireland,dafm:AllApprovedPlants_2025_Formerly_LA_Plants.xlsx
2575,Joe Hammersly,"Cashel, Tipperary",Tipperary,Ireland,dafm:AllApprovedPlants_2025_Formerly_LA_Plants.xlsx
2688,Joe Tynan,"Mullingar, Westmeath",Westmeath,Ireland,dafm:AllApprovedPlants_2025_Formerly_LA_Plants.xlsx
2506,John Burke,"Castlemaine, Kerry",Kerry,Ireland,dafm:AllApprovedPlants_2025_Formerly_LA_Plants.xlsx
2594,John Burke T/A Burke Meats,"Gort, Galway",Galway,Ireland,dafm:AllApprovedPlants_2025_Formerly_LA_Plants.xlsx
2502,John Cahill,"Rathdowney, Laois",Laois,Ireland,dafm:AllApprovedPlants_2025_Formerly_LA_Plants.xlsx
2975,John Coll Butchers LTD,"Delvin, Westmeath",Westmeath,Ireland,dafm:AllApprovedPlants_2025_Formerly_LA_Plants.xlsx
2627,John Finn,"Mitchelstown, Cork",Cork,Ireland,dafm:AllApprovedPlants_2025_Formerly_LA_Plants.xlsx
3005,John Gallagher T/A Twin Towns Quality Meats,"Castlefinn, Donegal",Donegal,Ireland,dafm:AllApprovedPlants_2025_Formerly_LA_Plants.xlsx
2889,John Griffin Butchers LTD,"Listowel, Kerry",Kerry,Ireland,dafm:AllApprovedPlants_2025_Formerly_LA_Plants.xlsx
2887,John Lane & Sons (Tralee) LTD,"Tralee, Kerry",Kerry,Ireland,dafm:AllApprovedPlants_2025_Formerly_LA_Plants.xlsx
2455,John McCarthy,"Drimoleague, Cork",Cork,Ireland,dafm:AllApprovedPlants_2025_Formerly_LA_Plants.xlsx
3019,John McDonnell,"Ballyheigue, Kerry",Kerry,Ireland,dafm:AllApprovedPlants_2025_Formerly_LA_Plants.xlsx
2584,John O'Dwyer,"Killenaule, Tipperary",Tipperary,Ireland,dafm:AllApprovedPlants_2025_Formerly_LA_Plants.xlsx
3053,John Pettitt,"Murrintown, Wexford",Wexford,Ireland,dafm:AllApprovedPlants_2025_Formerly_LA_Plants.xlsx
3029,John Quinn,"Kinnegad, Westmeath",Westmeath,Ireland,dafm:AllApprovedPlants_2025_Formerly_LA_Plants.xlsx
2527,John West & Sons LTD,"Tralee, Kerry",Kerry,Ireland,dafm:AllApprovedPlants_2025_Formerly_LA_Plants.xlsx
2483,Jonathan Kerr,"Ramelton, Donegal",Donegal,Ireland,dafm:AllApprovedPlants_2025_Formerly_LA_Plants.xlsx
2558,Justin Flannery,"Peterswell, Galway",Galway,Ireland,dafm:AllApprovedPlants_2025_Formerly_LA_Plants.xlsx
2572,JWB Retail Sales LTD,"Clonmel, Tipperary",Tipperary,Ireland,dafm:AllApprovedPlants_2025_Formerly_LA_Plants.xlsx
2396,Kelly Bros Butchers Ltd,"Clondalkin, Dublin",Dublin,Ireland,dafm:AllApprovedPlants_2025_Formerly_LA_Plants.xlsx
2405,Kelly's of Newport (Artisan Butchers) LTD,"Newport, Mayo",Mayo,Ireland,dafm:AllApprovedPlants_2025_Formerly_LA_Plants.xlsx
2680,Kelly's of Newport (Artisan Butchers) LTD,"Newport, Mayo",Mayo,Ireland,dafm:AllApprovedPlants_2025_Formerly_LA_Plants.xlsx
2475,Kenna Butchers,"Kilkenny, Kilkenny",Kilkenny,Ireland,dafm:AllApprovedPlants_2025_Formerly_LA_Plants.xlsx
2526,Kennelly Quality Meats,"Ballybunnion, Kerry",Kerry,Ireland,dafm:AllApprovedPlants_2025_Formerly_LA_Plants.xlsx
2951,Kerrigan's Factory Shop Ltd,"Baldoyle, Dublin",Dublin,Ireland,dafm:AllApprovedPlants_2025_Formerly_LA_Plants.xlsx
2505,Kieran Burns,"Sneem, Kerry",Kerry,Ireland,dafm:AllApprovedPlants_2025_Formerly_LA_Plants.xlsx
2706,Kildare County Turkeys,"Rathmuck, Kildare",Kildare,Ireland,dafm:AllApprovedPlants_2025_Formerly_LA_Plants.xlsx
2841,Killarney Meat Company LTD,"Killarney, Kerry",Kerry,Ireland,dafm:AllApprovedPlants_2025_Formerly_LA_Plants.xlsx
2837,Kimex Ireland Ltd,"Inchicore, Dublin",Dublin,Ireland,dafm:AllApprovedPlants_2025_Formerly_LA_Plants.xlsx
2864,La Charcuterie Irlandaise LTD,"Douglas, Cork",Cork,Ireland,dafm:AllApprovedPlants_2025_Formerly_LA_Plants.xlsx
2368,La Rousse Foods LTD,"Nangor Rd, Dublin",Dublin,Ireland,dafm:AllApprovedPlants_2025_Formerly_LA_Plants.xlsx
3046,La Tradizione LTD,"Clondalkin, Dublin",Dublin,Ireland,dafm:AllApprovedPlants_2025_Formerly_LA_Plants.xlsx
2529,Laurence & James Murphy,"Tullow, Carlow",Carlow,Ireland,dafm:AllApprovedPlants_2025_Formerly_LA_Plants.xlsx
2655,Leonard Lynch,"Ballyjamesduff, Cavan",Cavan,Ireland,dafm:AllApprovedPlants_2025_Formerly_LA_Plants.xlsx
2589,Liam Gahan Meats,"Mullinahone, Tipperary",Tipperary,Ireland,dafm:AllApprovedPlants_2025_Formerly_LA_Plants.xlsx
2683,Liam Jennings,"Ballinrobe, Mayo",Mayo,Ireland,dafm:AllApprovedPlants_2025_Formerly_LA_Plants.xlsx
3038,Liam McGavigan T/A McGavigan Meats LTD,"Lifford, Donegal",Donegal,Ireland,dafm:AllApprovedPlants_2025_Formerly_LA_Plants.xlsx
2524,Louis Herterich,"Longford, Longford",Longford,Ireland,dafm:AllApprovedPlants_2025_Formerly_LA_Plants.xlsx
3016,Luna Ventures Limited T/A Killua Castle,"Kells, Meath",Meath,Ireland,dafm:AllApprovedPlants_2025_Formerly_LA_Plants.xlsx
2343,M & K Meats Ltd,"Rathcoole, Dublin",Dublin,Ireland,dafm:AllApprovedPlants_2025_Formerly_LA_Plants.xlsx
3012,M & M Meats,"Bailieboro, Cavan",Cavan,Ireland,dafm:AllApprovedPlants_2025_Formerly_LA_Plants.xlsx
2721,Maguire Meats,"Ballinasloe, Roscommon",Roscommon,Ireland,dafm:AllApprovedPlants_2025_Formerly_LA_Plants.xlsx
3017,Malachy O'Sullivan,"Charleville, Cork",Cork,Ireland,dafm:AllApprovedPlants_2025_Formerly_LA_Plants.xlsx
2824,Margaret McDonnell,"The Curragh, Kildare",Kildare,Ireland,dafm:AllApprovedPlants_2025_Formerly_LA_Plants.xlsx
2708,Martin Calvey,"Achill, Mayo",Mayo,Ireland,dafm:AllApprovedPlants_2025_Formerly_LA_Plants.xlsx
3011,Martin Commins,"Ardee, Louth",Louth,Ireland,dafm:AllApprovedPlants_2025_Formerly_LA_Plants.xlsx
2571,Martin O'Dwyer,"Cashel, Tipperary",Tipperary,Ireland,dafm:AllApprovedPlants_2025_Formerly_LA_Plants.xlsx
3048,Martin O'Dwyer Butcher,"Cashel, Tipperary",Tipperary,Ireland,dafm:AllApprovedPlants_2025_Formerly_LA_Plants.xlsx
2888,Mary & Joe Collins T/A Collins Poultry,"Killeagh, Cork",Cork,Ireland,dafm:AllApprovedPlants_2025_Formerly_LA_Plants.xlsx
2531,Matthew Kearney & Sons LTD,"Carlow, Carlow",Carlow,Ireland,dafm:AllApprovedPlants_2025_Formerly_LA_Plants.xlsx
2333,McConnon Meats,"Rathangan, Kildare",Kildare,Ireland,dafm:AllApprovedPlants_2025_Formerly_LA_Plants.xlsx
2438,McGeough's Connemara Fine Foods,"Oughterard, Galway",Galway,Ireland,dafm:AllApprovedPlants_2025_Formerly_LA_Plants.xlsx
2341,McManus Meats,"Drumshanbo, Leitrim",Leitrim,Ireland,dafm:AllApprovedPlants_2025_Formerly_LA_Plants.xlsx
2862,McManus Meats Ltd,"Ballycoolin, Dublin",Dublin,Ireland,dafm:AllApprovedPlants_2025_Formerly_LA_Plants.xlsx
2324,Meeres Pork Products,"Quin, Clare",Clare,Ireland,dafm:AllApprovedPlants_2025_Formerly_LA_Plants.xlsx
2924,Mertonbury Ltd,"Rathcoole, Dublin",Dublin,Ireland,dafm:AllApprovedPlants_2025_Formerly_LA_Plants.xlsx
2459,MI J. O'Neill,"Clonakilty, Cork",Cork,Ireland,dafm:AllApprovedPlants_2025_Formerly_LA_Plants.xlsx
2573,Michael & Maurice Whelan,"Carrick-on-Suir, Tipperary",Tipperary,Ireland,dafm:AllApprovedPlants_2025_Formerly_LA_Plants.xlsx
2351,Michael Brogan & Sons,"Athboy, Meath",Meath,Ireland,dafm:AllApprovedPlants_2025_Formerly_LA_Plants.xlsx
2735,Michael Cull Meats,"Elphin, Roscommon",Roscommon,Ireland,dafm:AllApprovedPlants_2025_Formerly_LA_Plants.xlsx
2636,Michael Gaynor,"Ballinagh, Cavan",Cavan,Ireland,dafm:AllApprovedPlants_2025_Formerly_LA_Plants.xlsx
3034,Michael Healy T/A Healy Family Meats Ltd,"Banagher, Offaly",Offaly,Ireland,dafm:AllApprovedPlants_2025_Formerly_LA_Plants.xlsx
2501,Michael Keegan,"Mountrath, Laois",Laois,Ireland,dafm:AllApprovedPlants_2025_Formerly_LA_Plants.xlsx
2611,Michael McGrath Butchers,"Lismore, Waterford",Waterford,Ireland,dafm:AllApprovedPlants_2025_Formerly_LA_Plants.xlsx
2901,Michael O'Shea T/A Scarrif Meats,"Waterville, Kerry",Kerry,Ireland,dafm:AllApprovedPlants_2025_Formerly_LA_Plants.xlsx
2566,Michael Spillane,"Fermoy, Cork",Cork,Ireland,dafm:AllApprovedPlants_2025_Formerly_LA_Plants.xlsx
2669,Michael Twomey Butchers LTD,"Macroom, Cork",Cork,Ireland,dafm:AllApprovedPlants_2025_Formerly_LA_Plants.xlsx
2412,Michael Waldron Meats LTD,"Athlone, Roscommon",Roscommon,Ireland,dafm:AllApprovedPlants_2025_Formerly_LA_Plants.xlsx
2920,Midland Fine Foods LTD,"Birr, Tipperary",Tipperary,Ireland,dafm:AllApprovedPlants_2025_Formerly_LA_Plants.xlsx
2595,MJI Meats Ltd,"Ballyhaunis, Mayo",Mayo,Ireland,dafm:AllApprovedPlants_2025_Formerly_LA_Plants.xlsx
2326,Moycullen Meats,"Moycullen, Galway",Galway,Ireland,dafm:AllApprovedPlants_2025_Formerly_LA_Plants.xlsx
2621,Mr John Webb,"Castlerea, Roscommon",Roscommon,Ireland,dafm:AllApprovedPlants_2025_Formerly_LA_Plants.xlsx
3010,Murphy's Takeaway Foods LTD,"Ballyvolane, Cork",Cork,Ireland,dafm:AllApprovedPlants_2025_Formerly_LA_Plants.xlsx
3022,Musgrave Ltd,"Waterford, Waterford",Waterford,Ireland,dafm:AllApprovedPlants_2025_Formerly_LA_Plants.xlsx
2965,Musgrave Ltd,"Ballycurren, Cork",Cork,Ireland,dafm:AllApprovedPlants_2025_Formerly_LA_Plants.xlsx
2927,Musgrave Ltd T/A Musgrave Wholesale Partners,"Ballymun, Dublin",Dublin,Ireland,dafm:AllApprovedPlants_2025_Formerly_LA_Plants.xlsx
2945,Musgrave Ltd T/A Musgrave Wholesale Partners,"Clondalkin, Dublin",Dublin,Ireland,dafm:AllApprovedPlants_2025_Formerly_LA_Plants.xlsx
2987,Musgrave Market Place Galway,"Galway, Galway",Galway,Ireland,dafm:AllApprovedPlants_2025_Formerly_LA_Plants.xlsx
3007,Musgrave MarketPlace,"Clare St, Limerick",Limerick,Ireland,dafm:AllApprovedPlants_2025_Formerly_LA_Plants.xlsx
2653,Niall & James O'Gorman,"Castledermot, Kildare",Kildare,Ireland,dafm:AllApprovedPlants_2025_Formerly_LA_Plants.xlsx
3001,Noone's Poultry,"Clonmany, Donegal",Donegal,Ireland,dafm:AllApprovedPlants_2025_Formerly_LA_Plants.xlsx
2812,Nourfoods,"Ballyhaunis, Mayo",Mayo,Ireland,dafm:AllApprovedPlants_2025_Formerly_LA_Plants.xlsx
2884,Nugent Foods LTD T/A Rustic Kitchen,"Ashbourne, Meath",Meath,Ireland,dafm:AllApprovedPlants_2025_Formerly_LA_Plants.xlsx
2372,O' Mahony Meats Ltd,"Malahide Rd, Dublin",Dublin,Ireland,dafm:AllApprovedPlants_2025_Formerly_LA_Plants.xlsx
2414,O'Brien Butchers,"Bonnettsrath, Kilkenny",Kilkenny,Ireland,dafm:AllApprovedPlants_2025_Formerly_LA_Plants.xlsx
2485,O'Connor Butchers,"Kilmallock, Limerick",Limerick,Ireland,dafm:AllApprovedPlants_2025_Formerly_LA_Plants.xlsx
2779,O'Donoghue Meats Ltd T/A Cappoquin Meats,"Cappoquin, Waterford",Waterford,Ireland,dafm:AllApprovedPlants_2025_Formerly_LA_Plants.xlsx
2917,O'Flynn Foods LTD,"Wilton, Cork",Cork,Ireland,dafm:AllApprovedPlants_2025_Formerly_LA_Plants.xlsx
2477,O'Flynn Meats,"Gracedieu, Waterford",Waterford,Ireland,dafm:AllApprovedPlants_2025_Formerly_LA_Plants.xlsx
2797,Oliver Beaujouan T/A On the Wild Side,"Castlegregory, Kerry",Kerry,Ireland,dafm:AllApprovedPlants_2025_Formerly_LA_Plants.xlsx
2727,Oliver Harte,"Athleague, Roscommon",Roscommon,Ireland,dafm:AllApprovedPlants_2025_Formerly_LA_Plants.xlsx
2851,O'Neills Foods LTD T/A O'Neills Dry Cure Bacon Co,"Enniscorthy, Wexford",Wexford,Ireland,dafm:AllApprovedPlants_2025_Formerly_LA_Plants.xlsx
2612,O'Reillys Butchers,"Kilmacthomas, Waterford",Waterford,Ireland,dafm:AllApprovedPlants_2025_Formerly_LA_Plants.xlsx
2308,P & A Quinn LTD,"Dundalk, Louth",Louth,Ireland,dafm:AllApprovedPlants_2025_Formerly_LA_Plants.xlsx
2452,Paddy O'Donoghue,"Bantry, Cork",Cork,Ireland,dafm:AllApprovedPlants_2025_Formerly_LA_Plants.xlsx
2745,Pat O'Connor Meat,"Raheen, Limerick",Limerick,Ireland,dafm:AllApprovedPlants_2025_Formerly_LA_Plants.xlsx
2637,Patrick Gaynor,"Ballinagh, Cavan",Cavan,Ireland,dafm:AllApprovedPlants_2025_Formerly_LA_Plants.xlsx
2682,Patrick Phillips,"Ballyhaunis, Mayo",Mayo,Ireland,dafm:AllApprovedPlants_2025_Formerly_LA_Plants.xlsx
2961,PC Meats,"Enfield, Meath",Meath,Ireland,dafm:AllApprovedPlants_2025_Formerly_LA_Plants.xlsx
2972,Peter Whelan T/A The Whole Hoggs,"Slane, Meath",Meath,Ireland,dafm:AllApprovedPlants_2025_Formerly_LA_Plants.xlsx
2827,Philip Egan Meats,"Waterford, Waterford",Waterford,Ireland,dafm:AllApprovedPlants_2025_Formerly_LA_Plants.xlsx
2973,Phoenix Enterprises,"Naas, Kildare",Kildare,Ireland,dafm:AllApprovedPlants_2025_Formerly_LA_Plants.xlsx
2370,Pidgeons Ltd,"Carrickmines, Dublin",Dublin,Ireland,dafm:AllApprovedPlants_2025_Formerly_LA_Plants.xlsx
2503,Pius Hennessy,"Durrow, Laois",Laois,Ireland,dafm:AllApprovedPlants_2025_Formerly_LA_Plants.xlsx
2500,PJ Delaney,"Castletown, Laois",Laois,Ireland,dafm:AllApprovedPlants_2025_Formerly_LA_Plants.xlsx
2790,Premier Game LTD,"Cahir, Tipperary",Tipperary,Ireland,dafm:AllApprovedPlants_2025_Formerly_LA_Plants.xlsx
2519,Prendergast's Butchers,"Thomastown, Kilkenny",Kilkenny,Ireland,dafm:AllApprovedPlants_2025_Formerly_LA_Plants.xlsx
2798,Putog Teoranta,"Cork, Cork",Cork,Ireland,dafm:AllApprovedPlants_2025_Formerly_LA_Plants.xlsx
3051,Putog Teoranta,"Kenmare, Kerry",Kerry,Ireland,dafm:AllApprovedPlants_2025_Formerly_LA_Plants.xlsx
2518,Quigley Meats LTD,"Ballincollig, Cork",Cork,Ireland,dafm:AllApprovedPlants_2025_Formerly_LA_Plants.xlsx
2906,Real Brasil Food LTD,"Gort, Galway",Galway,Ireland,dafm:AllApprovedPlants_2025_Formerly_LA_Plants.xlsx
2877,Regan Organic Produce,"Enniscorthy, Wexford",Wexford,Ireland,dafm:AllApprovedPlants_2025_Formerly_LA_Plants.xlsx
2678,Reilly's Victuallers LTD,"Ballina, Mayo",Mayo,Ireland,dafm:AllApprovedPlants_2025_Formerly_LA_Plants.xlsx
3047,Renegade Trading,"Cashel, Tipperary",Tipperary,Ireland,dafm:AllApprovedPlants_2025_Formerly_LA_Plants.xlsx
2350,Richard Doyle,"Cleariestown, Wexford",Wexford,Ireland,dafm:AllApprovedPlants_2025_Formerly_LA_Plants.xlsx
3035,Robert's Butchery & Smokehouse LTD,"Navan, Meath",Meath,Ireland,dafm:AllApprovedPlants_2025_Formerly_LA_Plants.xlsx
3045,Rocksalt Catering Production Kitchen,"Dundalk, Louth",Louth,Ireland,dafm:AllApprovedPlants_2025_Formerly_LA_Plants.xlsx
2591,Roger O'Sullivan,"Kenmare, Kerry",Kerry,Ireland,dafm:AllApprovedPlants_2025_Formerly_LA_Plants.xlsx
2541,Ronald Rawle,"Ballinalee, Longford",Longford,Ireland,dafm:AllApprovedPlants_2025_Formerly_LA_Plants.xlsx
2876,Ronan Byrne T/A The Friendly Farmer,"Athenry, Galway",Galway,Ireland,dafm:AllApprovedPlants_2025_Formerly_LA_Plants.xlsx
2486,Rory O'Sullivan,"Kilmallock, Limerick",Limerick,Ireland,dafm:AllApprovedPlants_2025_Formerly_LA_Plants.xlsx
2871,S & S Duffy Meats LTD,"Gort, Galway",Galway,Ireland,dafm:AllApprovedPlants_2025_Formerly_LA_Plants.xlsx
2376,Sandyford Meats Ltd,"Sandyford, Dublin",Dublin,Ireland,dafm:AllApprovedPlants_2025_Formerly_LA_Plants.xlsx
2465,Sean Fitzgerald,"Ballylanders, Limerick",Limerick,Ireland,dafm:AllApprovedPlants_2025_Formerly_LA_Plants.xlsx
2567,Sean Hughes,"Kilkee, Clare",Clare,Ireland,dafm:AllApprovedPlants_2025_Formerly_LA_Plants.xlsx
2404,Sean Rooney,"Kinlough, Leitrim",Leitrim,Ireland,dafm:AllApprovedPlants_2025_Formerly_LA_Plants.xlsx
2840,Secret Recipe Ltd,"Ballincollig, Cork",Cork,Ireland,dafm:AllApprovedPlants_2025_Formerly_LA_Plants.xlsx
2859,Shamrock Casings,"Strokestown, Roscommon",Roscommon,Ireland,dafm:AllApprovedPlants_2025_Formerly_LA_Plants.xlsx
2530,Sheehan Meats,"Bennekerry, Carlow",Carlow,Ireland,dafm:AllApprovedPlants_2025_Formerly_LA_Plants.xlsx
2448,Sheelin Meats,"Finea, Cavan",Cavan,Ireland,dafm:AllApprovedPlants_2025_Formerly_LA_Plants.xlsx
2462,Shortts Ltd,"Castleblaney, Monaghan",Monaghan,Ireland,dafm:AllApprovedPlants_2025_Formerly_LA_Plants.xlsx
2493,Slievenamon Meats,"Thurles, Tipperary",Tipperary,Ireland,dafm:AllApprovedPlants_2025_Formerly_LA_Plants.xlsx
2074,Smokin Bones Production LTD,"Oxnamtown Lane, Dublin",Dublin,Ireland,dafm:AllApprovedPlants_2025_Formerly_LA_Plants.xlsx
2758,Sneem Meats Ltd,"Sneem, Kerry",Kerry,Ireland,dafm:AllApprovedPlants_2025_Formerly_LA_Plants.xlsx
2915,Stela Foods,"Drogheda, Louth",Louth,Ireland,dafm:AllApprovedPlants_2025_Formerly_LA_Plants.xlsx
2893,Steven Goode T/A The Good Life Company,"Arklow, Wicklow",Wicklow,Ireland,dafm:AllApprovedPlants_2025_Formerly_LA_Plants.xlsx
2880,Strand Foods Ltd,"Ballaugh, Limerick",Limerick,Ireland,dafm:AllApprovedPlants_2025_Formerly_LA_Plants.xlsx
2671,Sysco Foods Ireland Unlimited Company,"Newcastlewest, Limerick",Limerick,Ireland,dafm:AllApprovedPlants_2025_Formerly_LA_Plants.xlsx
2881,Sysco Foods Ireland Unlimited Company,"Killamonan, Dublin",Dublin,Ireland,dafm:AllApprovedPlants_2025_Formerly_LA_Plants.xlsx
2816,T Cronin & Sons,"Killarney, Kerry",Kerry,Ireland,dafm:AllApprovedPlants_2025_Formerly_LA_Plants.xlsx
2302,Tavanamore Meats,"Dundalk, Louth",Louth,Ireland,dafm:AllApprovedPlants_2025_Formerly_LA_Plants.xlsx
2843,TCF Foods Ltd,"Ferrybank, Kilkenny",Kilkenny,Ireland,dafm:AllApprovedPlants_2025_Formerly_LA_Plants.xlsx
2892,Templetuohy Farm Fresh Foods Ltd,"Cashel, Tipperary",Tipperary,Ireland,dafm:AllApprovedPlants_2025_Formerly_LA_Plants.xlsx
2854,Templetuohy Foods Ltd,"Thurles, Tipperary",Tipperary,Ireland,dafm:AllApprovedPlants_2025_Formerly_LA_Plants.xlsx
2948,The Chicken Inn,"Ballyvolane, Cork",Cork,Ireland,dafm:AllApprovedPlants_2025_Formerly_LA_Plants.xlsx
3037,The Gourmet Butcher,"Clonmel, Tipperary",Tipperary,Ireland,dafm:AllApprovedPlants_2025_Formerly_LA_Plants.xlsx
2968,The Irish Biltong Company LTD,"Naas, Kildare",Kildare,Ireland,dafm:AllApprovedPlants_2025_Formerly_LA_Plants.xlsx
844,The Mill Road Game Larder,"Killarney, Kerry",Kerry,Ireland,dafm:AllApprovedPlants_2025_Formerly_LA_Plants.xlsx
3036,The Smokin'Butcher LTD,"Navan, Meath",Meath,Ireland,dafm:AllApprovedPlants_2025_Formerly_LA_Plants.xlsx
2523,Thomas Ashe,"Annascaul, Kerry",Kerry,Ireland,dafm:AllApprovedPlants_2025_Formerly_LA_Plants.xlsx
2686,Thomas Conroy,"Shrule, Mayo",Mayo,Ireland,dafm:AllApprovedPlants_2025_Formerly_LA_Plants.xlsx
2966,Thomas Doherty Meats (Kells) LTD T/A Thomas Doherty,"Kells, Meath",Meath,Ireland,dafm:AllApprovedPlants_2025_Formerly_LA_Plants.xlsx
2614,Thomas Lydon,"Maam, Galway",Galway,Ireland,dafm:AllApprovedPlants_2025_Formerly_LA_Plants.xlsx
2588,Thomas Myles,"Ardfinnan, Tipperary",Tipperary,Ireland,dafm:AllApprovedPlants_2025_Formerly_LA_Plants.xlsx
2436,Thurles Bacon,"Thurles, Tipperary",Tipperary,Ireland,dafm:AllApprovedPlants_2025_Formerly_LA_Plants.xlsx
2456,Tim Murphy,"Bantry, Cork",Cork,Ireland,dafm:AllApprovedPlants_2025_Formerly_LA_Plants.xlsx
2628,Timy Considene T/A Hanley's Butchers,"Mitchelstown, Cork",Cork,Ireland,dafm:AllApprovedPlants_2025_Formerly_LA_Plants.xlsx
2625,Tom Brouder Athea Homemade Puddings,"Loughill, Limerick",Limerick,Ireland,dafm:AllApprovedPlants_2025_Formerly_LA_Plants.xlsx
2403,Tom Connolly Meats,"Claremorris, Mayo",Mayo,Ireland,dafm:AllApprovedPlants_2025_Formerly_LA_Plants.xlsx
2356,Tom Whelan Meat Products Ltd,"Clondalkin, Dublin",Dublin,Ireland,dafm:AllApprovedPlants_2025_Formerly_LA_Plants.xlsx
2904,Tony Butler Meats,"Rosslare, Wexford",Wexford,Ireland,dafm:AllApprovedPlants_2025_Formerly_LA_Plants.xlsx
2684,Tony Carolan,"Castlebar, Mayo",Mayo,Ireland,dafm:AllApprovedPlants_2025_Formerly_LA_Plants.xlsx
2386,Tony Fahy Wholesale Meats LTD,"Loughrea, Galway",Galway,Ireland,dafm:AllApprovedPlants_2025_Formerly_LA_Plants.xlsx
2563,Tony Kieran LTD,"Dundalk, Louth",Louth,Ireland,dafm:AllApprovedPlants_2025_Formerly_LA_Plants.xlsx
2337,Tullamore Meats Co-Operative,"Tullamore, Offaly",Offaly,Ireland,dafm:AllApprovedPlants_2025_Formerly_LA_Plants.xlsx
2474,Tynan Meats Limited,"Johnstown, Kilkenny",Kilkenny,Ireland,dafm:AllApprovedPlants_2025_Formerly_LA_Plants.xlsx
2316,Ummera Smoke House LTD T/A Ummera Smoke Products LTD,"Timoleague, Cork",Cork,Ireland,dafm:AllApprovedPlants_2025_Formerly_LA_Plants.xlsx
2635,Una O'Dwyer Ltd T/A Cashel Fine Foods,"Cashel, Tipperary",Tipperary,Ireland,dafm:AllApprovedPlants_2025_Formerly_LA_Plants.xlsx
2582,Walsh Butchers,"Cashel, Tipperary",Tipperary,Ireland,dafm:AllApprovedPlants_2025_Formerly_LA_Plants.xlsx
2420,Walsh Butchers,"Ballintra, Donegal",Donegal,Ireland,dafm:AllApprovedPlants_2025_Formerly_LA_Plants.xlsx
2857,Wexford Casings LTD,"Gorey, Wexford",Wexford,Ireland,dafm:AllApprovedPlants_2025_Formerly_LA_Plants.xlsx
3052,Whelan Food & Meat Processors,"Fethard, Tipperary",Tipperary,Ireland,dafm:AllApprovedPlants_2025_Formerly_LA_Plants.xlsx
2357,Whelans of Dublin Pudding Manufacturers Ltd,"Bluebell, Dublin",Dublin,Ireland,dafm:AllApprovedPlants_2025_Formerly_LA_Plants.xlsx
2430,William Browne,"Ferbane, Offaly",Offaly,Ireland,dafm:AllApprovedPlants_2025_Formerly_LA_Plants.xlsx
2898,William Gray T/A Feighcullen Farm,"Rathangan, Kildare",Kildare,Ireland,dafm:AllApprovedPlants_2025_Formerly_LA_Plants.xlsx
2461,William Walsh (Walsh's Victuallers),"Skibbereen, Cork",Cork,Ireland,dafm:AllApprovedPlants_2025_Formerly_LA_Plants.xlsx
2355,Woodlawn Meats LTD,"Enniscorthy, Wexford",Wexford,Ireland,dafm:AllApprovedPlants_2025_Formerly_LA_Plants.xlsx
2616,Wynnes Meats,"Drumfin, Sligo",Sligo,Ireland,dafm:AllApprovedPlants_2025_Formerly_LA_Plants.xlsx
4114,Namo Production Kitchen,"Castle Blunden, Stable Block, Kilkenny R95 X0HN",Kilkenny,Ireland,oapi_hse
4121,Cavan Country Produce,"Unit 4 Cootehill Enterprise Park, Cootehill",Cavan,Ireland,oapi_hse
4113,Sullivan Centre Kitchen,"Cathedral Road, Cavan",Cavan,Ireland,oapi_hse
4074,St Davnets Hospital Centralised Kitchen,"HSE, Rooskey, Monaghan",Monaghan,Ireland,oapi_hse
4025,Stillorgan Trading Post Limited,"Swift Fine Foods, Lough Egish Food Park,, Loughmourne, Castleblayney",Monaghan,Ireland,oapi_hse
4038,EFG In-Flight Limited,"Knockbeg Point, Shannon Airport, Shannon",Clare,Ireland,oapi_hse
4112,KP Gallen Foods Limited,"Unit 2 & 3 Thorn Road, Letterkenny",Donegal,Ireland,oapi_hse
4067,Itsa Bagel Limited T/A Itsa,"56A Blackthorn Road, Sandyford Industrial Estate, Dublin 18",Dublin,Ireland,oapi_hse
4096,Lotts & Co,"47A Marlborough Road, Donnybrook, Dublin 4",Dublin,Ireland,oapi_hse
4043,Outlaws Western Restaurant Limited T/A Soup Cafe,"Units 3 & 4, 78 Furze Road, Sandyford Industrial Estate",Dublin,Ireland,oapi_hse
4008,Ballymaguire Foods Limited,"Rathmooney, Lusk, Dublin",Dublin,Ireland,oapi_hse
4057,Boojum Ltd,"Unit 26B North City Business Park, North Road, Finglas, Dublin 11",Dublin,Ireland,oapi_hse
4075,Dnata Catering Ireland Limited,"Units 5 and 6 Dublin Airport Logistics Park, St Margarets Road, Finglas",Dublin,Ireland,oapi_hse
4107,Market Street Food Halls Limited,"Unit 7G Swords Business Park, Swords, K67X042",Dublin,Ireland,oapi_hse
4085,CPK Compass Group,"Unit A8 Kingswood, Kingswood Business Park, Baldonnell",Dublin,Ireland,oapi_hse
4035,Morehampton Foods Limited,"Unit E20 Cloverhill Industrial Estate, Cloverhill Road, Clondalkin",Dublin,Ireland,oapi_hse
4087,Parkwest Kitchen,"A3 Canal Bank, Hume Avenue,, Parkwest Industrial Estate, Dublin 12",Dublin,Ireland,oapi_hse
4111,Pieman,"Ace Enterprise Park, Unit 22 Bawnogue Road, Clondalkin, D22TX92, Dublin 22",Dublin,Ireland,oapi_hse
4115,Spice Village Indian Cuisine,"Unit 4C, Station Road Business Park, Crag Avenue, Clondalkin",Dublin,Ireland,oapi_hse
4094,Boxty House Limited,"Unit 3, Hibernian Industrial Estate, Greenhills Road, Dublin 12",Dublin,Ireland,oapi_hse
4030,Brambles Café Deli Ltd.,"Unit 4C, South City Business Park, Tallaght",Dublin,Ireland,oapi_hse
4053,Emaan Meal Solutions Irl Limited,"Unit 1 -3, Cookstown Industrial Estate, Tallaght, Dublin 24",Dublin,Ireland,oapi_hse
4036,Nosebag Fine Foods Limited,"Unit 23, Oak Road Business Park, Oak Road",Dublin,Ireland,oapi_hse
4049,KC Peaches Ireland Limited,"Unit 10 Trinity Enterprise Centre, Pearse Street, Dublin 2",Dublin,Ireland,oapi_hse
4108,Oishii Foods Limited,"Unit 17 Naas Road Business Park, Muirfield Drive, Naas Road",Dublin,Ireland,oapi_hse
4090,Asian Artisan Food Limited,"Unit B Ground Floor,, Liffey Trust Centre,, 117-126 Upper Sheriff Street",Dublin,Ireland,oapi_hse
4097,Dublin Central Kitchen,"Unit D, Liffey Trust Centre, 117-126 Sheriff Street Upper",Dublin,Ireland,oapi_hse
4081,Lola Hub Ltd,"Unit F, Liffey Trust Centre, 117-126 Sheriff Street Upper",Dublin,Ireland,oapi_hse
4105,Ripley Court Hotel,"37 Talbot Street, Dublin 1, Dublin 1",Dublin,Ireland,oapi_hse
4055,Apple Crumble & Fish Limited,"Unit 14, 288 Bannow Road, Broombridge Business Centre, Dublin 7",Dublin,Ireland,oapi_hse
4069,Camile Thai Hub,"Unit 9, Northern Cross Business Park, Northern Road, Finglas, Dublin 11",Dublin,Ireland,oapi_hse
2346,Fresh Cut Food Services Ltd,"68 Moyle Road, Dublin Industrial Estate, Glasnevin",Dublin,Ireland,oapi_hse
4109,The Tram Café Limited,"Unit 131D Slaney Road, Dublin Industrial Estate, Glasnevin",Dublin,Ireland,oapi_hse
4086,Cope Community Catering,"Unit 5, Ballybane Industrial Estate,, Tuam Road",Galway,Ireland,oapi_hse
4061,Curleys Quality Foods,"Carrowbrowne, Castlegar",Galway,Ireland,oapi_hse
4041,Galmere Fresh Foods Ltd.,"Ballybrit Upper Industrial Estate, Monivea Road",Galway,Ireland,oapi_hse
4062,Gourmet Sandwiches Ltd.,"Derrybrien, Loughrea",Galway,Ireland,oapi_hse
4051,Gourmet Tart Company Ltd,"Unit 1 Block 13, Ballybane Industrial Estate, Tuam Road",Galway,Ireland,oapi_hse
4009,M.P.G Foods Ltd,"Cregboy, Cregboy, Claregalway",Galway,Ireland,oapi_hse
4079,Tribe Hospitality Group Limited,"Tribe Hospitality Group Limited, Unit 13 Ballybrit Industrial Estate, Old Monivea Road",Galway,Ireland,oapi_hse
4100,Ard Beginish Production Kitchen,"Renard, Cahirciveen",Kerry,Ireland,oapi_hse
4098,Con's Restaurant,"Direencallaugh, Dauros, Kenmare",Kerry,Ireland,oapi_hse
4101,Garveys Gourmet Kitchen,"Unit 5 Monavalley Industrial Estate, Monavalley, Tralee",Kerry,Ireland,oapi_hse
4042,Gortamullen Bakery Ltd.,"Unit 3, Gortamullen Business Park, Mart Road, Kenmare",Kerry,Ireland,oapi_hse
4103,Kerry Food Market Limited,"Unit 9, Kerry Food Hub, Firies",Kerry,Ireland,oapi_hse
4066,Nutriquick Limited,"Unit 4 Blessington Industrial Estate, Blessington",Wicklow,Ireland,oapi_hse
4099,Cappercullen Foods Ltd,"Unit 1 Limerick Food Centre, Pearse Road, Raheen Business Park, Raheen",Limerick,Ireland,oapi_hse
4120,Shuttington Holdings Unlimited Company,"Bruree Food Centre, 40 Acres, Bruree, V35V578",Limerick,Ireland,oapi_hse
4077,The Tin Hat Unlimited T/A Hook and Ladder,"Unit One, Pearse House,, Pearse Road,, Raheen , Limerick",Limerick,Ireland,oapi_hse
4119,Tim's Table,"The Kitchen Hub, UNIT 3A Crossagalla industrial Estate, Ballysimon Road",Limerick,Ireland,oapi_hse
4082,HSE Louth Meath Mental Health Services,"St. Brigid's Hospital, Kells Road, Ardee",Louth,Ireland,oapi_hse
2560,Michael Carr Foods,"Unit 6A, Moy Valley Business Park, Primrose Hill, Ballina",Mayo,Ireland,oapi_hse
4048,Kinsale Bay Food Company Ltd,"CHR Hansen Building, Rohan Industrial Estate, Little Island",Cork,Ireland,oapi_hse
4117,Bio Science Nutrition Ireland,"Skule Hill, Fedamore",Limerick,Ireland,oapi_hse
4122,"Domanska Ltd, The Locke Bar","3 Georges Quay, Limerick",Limerick,Ireland,oapi_hse
4070,Compass Catering Services Ireland Ltd,"Rearcross Cookhouse, North Tipperary Food Works, Rearcross",Tipperary,Ireland,oapi_hse
4080,Devaney's Dinners,"Drom, Templemore",Tipperary,Ireland,oapi_hse
4095,Food Prep Ltd,"Unit 9, Doughcloyne Industrial Estate, Sarsfield Road, Wilton",Cork,Ireland,oapi_hse
2955,"Frankfield Supermarkets Ltd, T/A Ryan's Supervalu","Grange Road,, Frankfield,, Douglas",Cork,Ireland,oapi_hse
4045,Green Saffron Spices Limited,"Unit 5, Carrigaline Industrial Park, Crosshaven, Carrigaline",Cork,Ireland,oapi_hse
4104,Sage 2 Go Ltd,"Production Kitchen, Unit B Dosco Industrial Estate, South Douglas Road",Cork,Ireland,oapi_hse
4110,St. Lukes Main Kitchen,"Western Road, Clonmel",Tipperary,Ireland,oapi_hse
4044,Gate Gourmet Ireland,"South Apron, Dublin Airport",Dublin,Ireland,oapi_hse
4093,Pettits Kitchen,"Sleedagh Farm, Sleedagh, Murrintown",Wexford,Ireland,oapi_hse
4013,Zanna Cookhouse Limited,"St Iberius, Broadway, Wexford",Wexford,Ireland,oapi_hse
4092,Zanna Cookhouse Limited (Clonard),"Whitemill Industrial estate, Clonard, Wexford",Wexford,Ireland,oapi_hse
4019,Avoca Handweavers Limited,"Central Production Unit, IDA Business Park, Southern Cross Road, Bray",Wicklow,Ireland,oapi_hse
4004,Butler's Pantry,"16-17 Southern Cross Business Park, Boghall Road, Bray",Wicklow,Ireland,oapi_hse
4088,Gather and Gather Ltd.,"Unit 3, Atlas Court, IDA Business Park, Southern Cross Road, Bray",Wicklow,Ireland,oapi_hse
4071,Italicatessen Ltd,"Block F Newtown Business & Enterprise Centre, Newtownmountkennedy, Wicklow",Wicklow,Ireland,oapi_hse
4072,Le Paysan of Wicklow Limited,"Unit W11 Wicklow Enterprise Park, The Murrough, Wicklow Town",Wicklow,Ireland,oapi_hse
4018,Little Dinners Ltd,"Enterprise Unit 2, Rathdrum",Wicklow,Ireland,oapi_hse
4,Glenn Hunter/ Sligo Bay Oysters,"Carrickhenry, Carraroe",Sligo,Ireland,sfpa
11,CS Fish,Doonbeg,Clare,Ireland,sfpa
14,Tavne Ltd T/A Achill Oysters,"Riverside, Faunrusk, Barefield, Co. Clare",Clare,Ireland,sfpa
15,Moyasta Oysters Ltd,"Moyasta, Kilrush,",Clare,Ireland,sfpa
6,GraCom Ltd T/A Flaggy Shore Oysters,"Linnanaes Lobster Bar, New Quay, Co. Clare",Clare,Ireland,sfpa
9,Castletownbere Fishermens' Co-Op T/A Castletownbere Fishermens's Co-operative Society Ltd,"Dinish Island, Castletownbere",Cork,Ireland,sfpa
13,Yawl Bay Seafood Ltd,"Foxhole Industrial Estate, Youghal",Cork,Ireland,sfpa
19,Glenmar Shellfish Ltd,"Main Street, Union Hall",Cork,Ireland,sfpa
24,Ilen Seafood's Ltd,Baltimore,Cork,Ireland,sfpa
26,Ballycotton Seafoods Ltd,Garryvoe,Cork,Ireland,sfpa
31,Union Hall Smoked Fish Ltd.,Union Hall,Cork,Ireland,sfpa
42,Shellfish De La Mer T/A Shellfish Ireland,"Dinish Island, Castletownbere",Cork,Ireland,sfpa
45,Woodcock Smokery,"Castletownsend, Skibbereen",Cork,Ireland,sfpa
50,Glenmar Shellfish Ltd,"Curraglass, Conna",Cork,Ireland,sfpa
69,Moonfish,"Moorepark West House, Moorepark, Fermoy",Cork,Ireland,sfpa
72,Roaringwater Bay Rope Mussels T/A Ocean Run Ltd,"Aughadown, Church Cross, Skibbereen",Cork,Ireland,sfpa
78,Seafood Cuisine Ltd,"Fastnet Industrial Estate, Marsh Road, Skibbereen",Cork,Ireland,sfpa
86,Keohane Seafoods ULC,"Unit 28 Kinsale Road Industrial Estate, Kinsale Road",Cork,Ireland,sfpa
89,Kay O'Connells,"Unit 4, Cloch Mac Simon Industrial Estate, Bandon",Cork,Ireland,sfpa
103,Keohane Seafoods ULC,"Gortlassa, Gerahies, Bantry",Cork,Ireland,sfpa
104,Good Fish Processing Ltd T/A Good Fish Processing (Unit 5) Ltd,"Unit 5 Carrigaline Industrail Park, Carrigaline",Cork,Ireland,sfpa
117,Bantry Bay Premium Seafoods T/A Bantry Bay Mussels Ltd,"Gearhies, Bantry",Cork,Ireland,sfpa
120,Travara Shellfish Ltd,"Baltimore Road, Skibbereen",Cork,Ireland,sfpa
122,ZT Fish Company,"Ryan, Waters Edge, Ownahincha, Rosscarbery",Cork,Ireland,sfpa
127,Paulona Seafood Ltd,"Ballyrussell, Midleton",Cork,Ireland,sfpa
129,Atlantic Shellfish Limited T/A Rossmore Oysters,"Rossmore, Carrigtwohill",Cork,Ireland,sfpa
53,Good Fish Processing Ltd,"Shanbally, Ringaskiddy",Co. Cork,Ireland,sfpa
141,Kay O'Connell Ltd T/A Kay O'Connell Fish Merchants,"Unit 1 Cloghmacsimon Industrial Estate, Bandon, P72 HV18",Co. Cork,Ireland,sfpa
143,Bantry Bay Mussels Limited,"Lahane, Bantry, P75 CX71",Co. Cork,Ireland,sfpa
144,Finbarr Clohessy,"Grattan Street, Youghal, P36 WF67",Cork,Ireland,sfpa
7,Island Seafoods Ltd,"Carricknamohill, Killybegs",Donegal,Ireland,sfpa
17,Norfish Ltd,"The Glebe, Killybegs",Donegal,Ireland,sfpa
18,Donegal Fish,"Roshine Road, Killybegs",Donegal,Ireland,sfpa
29,Atlanfish Ltd,"Malin Road, Cardonagh",Donegal,Ireland,sfpa
30,Byrne Seafoods,"Beaugh, Malin Town",Donegal,Ireland,sfpa
35,Sean Ward Fish Exports Ltd,"Roshine Road, Killybegs",Donegal,Ireland,sfpa
36,Molloy's Fish (Killybegs) Ltd - Formally Fish Sales Killybegs Ltd,"Stragar, Killybegs",Donegal,Ireland,sfpa
38,Foyle Fishermen's Co-Op,"The Pier, Greencastle",Donegal,Ireland,sfpa
41,Arctic Fish (Processing) Co. Unlimited T/A Artic Fish Processing ULC,"Roshine Road, Killybegs",Donegal,Ireland,sfpa
43,Starcrest Seafoods Ltd,"The Mullins, Old Laghey Road, Donegal Town",Donegal,Ireland,sfpa
47,Ward Seafoods Teo,"Tullyillion, Burtonport",Donegal,Ireland,sfpa
51,Sliogeisc na Rossan T/A Irish Premier Oysters Ltd,"Traigheanna Bay, Drimlaughdrid, Lettermacaward,",Donegal,Ireland,sfpa
55,North Cape Seafoods Ltd,Greencastle,Donegal,Ireland,sfpa
58,Ocean Farm Ltd,"Donegal Road, Killybegs",Donegal,Ireland,sfpa
60,PFP Teoranta T/A Premier Fish Products (Killybegs),"Stoneyhill, Killybegs",Donegal,Ireland,sfpa
64,Mulroy Bay Mussels Ltd,"Drim, Cranford, Letterkenny",Donegal,Ireland,sfpa
66,Tradalai Eisc Ui Hannagain Teoranta (Burtonport) T/A Hannigan Live Irish Shellfish,"Killybegs,",Donegal,Ireland,sfpa
67,Atlantic Fresh Seafoods Limited,"Fanaghans, Inver",Donegal,Ireland,sfpa
76,McElchar International Transport Ltd,"Dromdoit, Castlefinn, Co. Donegal",Donegal,Ireland,sfpa
77,Atlantic Treasures Ltd,"Carricknamohill, Killybegs",Donegal,Ireland,sfpa
22,Kitestown Ltd T/A Wrights of Howth (Kitestown) Ltd,"14 West Pier, Howth",Dublin,Ireland,sfpa
23,Wrights of Marino Manufacturing Ltd,"1 Claremount Industrial Estate, Howth",Dublin,Ireland,sfpa
25,Oceanpath Ltd,"Claremont Industrial Estate, West Pier, Howth",Dublin,Ireland,sfpa
46,Rathcreedan Ltd T/A Sushi King,"Unit C, Liffey Trust Centre, 117/126 Upper Sherriff Street,",Dublin 1,Ireland,sfpa
65,Egan's Ocean Fresh,"15/16 Finglas Business Park, Tolka Valley Road, Finglas",Dublin,Ireland,sfpa
68,Dorans on the Pier,"7-8 West Pier, Howth",Dublin,Ireland,sfpa
73,Leo Burdock Ltd,"Unit 14 Cookstown Business Centre, Second Avenue, Crookstown Industrial Estate, Tallaght",Dublin,Ireland,sfpa
80,Wrights of Marino,"37-4-B, Claremont Industrial Estate, West Pier, Howth, Dublin, D13AY28",Dublin,Ireland,sfpa
82,George's Kitchen,"Units 1 & 2 Monkstown Court, Monkstown Farm, Dun Laoghaire",Dublin,Ireland,sfpa
85,Corindale Ltd,"Unit 13 Grange Avenue, Baldoyle Industrial Estate, Dublin 13, D13XN90",Dublin,Ireland,sfpa
87,Wilde Fish Distribution,"North Hill Rush, Co. Dublin, K56 WK 84",Dublin,Ireland,sfpa
88,Pingping Seafood Ltd,"Unit 22, Finglas Business Park, Tolka Valley Road, D11 KD 70",Dublin,Ireland,sfpa
10,Chillchiarain Eisc Teoranta T/A Kilkerrin Salmon Ltd,"Cill Chiarain, Connemara",Galway,Ireland,sfpa
91,Huitre Du Connemara Ltd T/A DK Connemara Oysters Ltd,"Ballinakill Bay, Dawros, Letterfrank",Galway,Ireland,sfpa
93,Gary Creaven Fish Sales,Menlo,Galway,Ireland,sfpa
94,Oliver Seoighe,"An Fhormna, Inish Oirr, Aran Islands",Galway,Ireland,sfpa
99,Iasc Inis Mor T/A Aran Islands Seafood Ltd,"Killeany, Kilronan, Aran Islands",Galway,Ireland,sfpa
102,Connemara Fisheries,Pairc Ghno Chorr na Mona,Galway,Ireland,sfpa
2,Iasc Uí Mathuna,"Ballyhea, An Daingean",Kerry,Ireland,sfpa
28,Kenmare Bay Seafoods,"Tuosist, Kenmare",Kerry,Ireland,sfpa
37,KRD Fishery Smokehouse,"The Fishery, Killorglin",Kerry,Ireland,sfpa
1,Goatsbridge Fish Processors Ltd,"Jerpoint, Thomastown",Kilkenny,Ireland,sfpa
3,Fishman's Market,"Unit 16B, 16 Hebron Business Park",Kilkenny,Ireland,sfpa
44,Ocean Dragon Ltd,"Port Oriel, Clogherhead",Louth,Ireland,sfpa
52,DC Lambay Ltd,"Summer Hill, Louth Village, Dundalk",Louth,Ireland,sfpa
39,Roscahil Seafoods,"Kilmeena, Wesport",Mayo,Ireland,sfpa
5,Cheflink (Navan),"Cloncullen, Robinstown, Navan, Co. Meath C15 X3 TW",Meath,Ireland,sfpa
